image_name,width,height,x0,y0,x1,y1
00001091.jpg,4000,6000,1408,1,2359,1617
00003445.jpg,236,314,44,21,95,97
00000851.jpg,612,612,1,41,408,564
00000825.jpg,367,550,161,32,236,163
00001243.jpg,343,280,144,31,211,94
00003458.jpg,236,268,109,14,158,79
00003458.jpg,236,268,74,54,115,108
00003458.jpg,236,268,104,100,142,150
00001059.jpg,857,1024,248,84,383,272
00000850.jpg,600,400,98,107,303,267
00001044.jpg,2000,1333,791,119,1200,436
00003245.jpg,800,800,665,426,794,583
00002009.jpg,512,512,190,1,331,117
00003301.jpg,800,800,213,32,357,196
00002712.jpg,500,334,285,88,340,130
00001276.jpg,800,533,191,1,677,346
00002807.jpg,600,369,275,45,452,172
00002807.jpg,600,369,399,40,579,166
00000282.jpg,434,650,196,133,303,321
00002186.jpg,1082,1689,418,169,608,514
00002471.jpg,568,433,37,8,220,170
00002471.jpg,568,433,301,11,436,131
00001529.jpg,683,1024,214,103,410,439
00003465.jpg,235,385,87,146,150,267
00003390.jpg,1080,828,258,30,762,488
00000255.jpg,401,343,239,67,392,219
00000255.jpg,401,343,112,77,279,243
00002920.jpg,1024,681,193,154,569,445
00002920.jpg,1024,681,405,273,713,516
00002592.jpg,467,700,201,94,290,246
00000166.jpg,1000,610,433,25,944,380
00001954.jpg,1473,980,729,107,1348,586
00001330.jpg,800,533,164,28,450,250
00001237.jpg,1300,731,532,65,804,239
00002125.jpg,1000,666,245,1,682,325
00001099.jpg,612,408,1,1,511,404
00001179.jpg,800,534,404,39,611,199
00001670.jpg,1024,768,248,66,569,346
00000566.jpg,910,780,323,473,513,662
00002675.jpg,505,340,127,56,363,240
00002016.jpg,855,1390,249,193,675,980
00002930.jpg,1068,1689,228,335,471,783
00003331.jpg,1600,1155,499,397,768,619
00003331.jpg,1600,1155,688,32,1030,319
00003331.jpg,1600,1155,833,304,1102,530
00003331.jpg,1600,1155,636,330,917,556
00001938.jpg,360,254,61,17,241,162
00000381.jpg,829,580,291,49,530,240
00001701.jpg,433,650,172,116,267,281
00000760.jpg,800,533,320,85,571,279
00002890.jpg,735,1104,260,209,467,571
00000860.jpg,1500,1120,644,54,880,259
00001484.jpg,400,272,198,84,366,217
00000920.jpg,1600,1167,421,33,1109,629
00000535.jpg,1600,1167,1039,108,1481,483
00000535.jpg,1600,1167,192,111,581,441
00000535.jpg,1600,1167,443,278,875,644
00000535.jpg,1600,1167,733,185,1184,560
00000535.jpg,1600,1167,15,340,428,691
00000408.jpg,1000,1500,297,2,784,815
00001822.jpg,318,450,115,25,176,123
00000563.jpg,650,433,115,130,239,226
00000563.jpg,650,433,179,42,309,141
00000563.jpg,650,433,280,143,404,240
00000563.jpg,650,433,310,229,455,341
00002908.jpg,533,800,186,86,366,400
00003143.jpg,1285,2048,533,511,872,1141
00003143.jpg,1285,2048,484,1051,720,1479
00000178.jpg,650,434,266,106,434,233
00000191.jpg,400,259,162,27,280,115
00000191.jpg,400,259,43,46,158,133
00000191.jpg,400,259,268,40,367,114
00001838.jpg,500,333,186,25,295,109
00002606.jpg,640,480,334,75,410,142
00002606.jpg,640,480,203,96,269,154
00002606.jpg,640,480,505,105,604,191
00003460.jpg,235,353,72,78,123,168
00003258.jpg,626,417,143,48,257,137
00003258.jpg,626,417,385,60,513,157
00003258.jpg,626,417,241,179,372,281
00000835.jpg,2946,1960,1827,136,2344,537
00002015.jpg,684,1024,147,71,528,720
00000188.jpg,640,427,85,93,155,147
00002225.jpg,700,933,281,132,407,327
00000321.jpg,640,800,223,122,302,235
00000321.jpg,640,800,390,139,462,243
00000321.jpg,640,800,142,212,208,307
00000321.jpg,640,800,323,230,388,323
00003192.jpg,800,533,382,60,633,254
00003192.jpg,800,533,199,112,415,280
00001075.jpg,570,537,203,20,361,197
00001144.jpg,267,400,74,112,159,259
00001688.jpg,408,612,222,25,286,135
00001073.jpg,333,519,135,12,227,178
00002218.jpg,3734,4800,2096,478,2795,1525
00001452.jpg,1332,850,761,55,1077,290
00002962.jpg,2048,1365,718,567,1295,1006
00002106.jpg,600,420,233,11,356,111
00002921.jpg,870,580,325,99,429,181
00000325.jpg,1000,667,320,58,590,263
00003071.jpg,550,309,59,136,198,227
00003071.jpg,550,309,55,1,228,110
00003071.jpg,550,309,175,109,348,222
00003071.jpg,550,309,258,175,417,276
00001399.jpg,433,650,84,70,215,293
00000879.jpg,2000,3019,656,296,1092,1062
00003378.jpg,600,400,267,122,358,191
00003378.jpg,600,400,171,78,274,158
00003378.jpg,600,400,336,76,439,155
00003378.jpg,600,400,90,119,177,184
00003378.jpg,600,400,183,162,258,220
00003378.jpg,600,400,394,130,475,194
00002771.jpg,2500,1891,1429,876,1679,1092
00002771.jpg,2500,1891,842,666,1103,896
00003442.jpg,459,612,191,145,313,329
00002459.jpg,1200,1800,239,1,1162,1346
00000280.jpg,1000,667,132,155,390,351
00000280.jpg,1000,667,655,144,950,372
00000280.jpg,1000,667,88,416,396,654
00000280.jpg,1000,667,443,116,725,335
00000280.jpg,1000,667,1,198,227,437
00000004.jpg,1000,1241,476,177,588,335
00001935.jpg,1300,956,394,109,1000,628
00001013.jpg,1162,1700,406,184,727,730
00000562.jpg,630,343,22,62,233,196
00000562.jpg,630,343,310,23,561,182
00000562.jpg,630,343,162,80,369,212
00000562.jpg,630,343,226,90,452,233
00002620.jpg,1600,1167,771,117,1369,624
00002620.jpg,1600,1167,262,6,900,502
00001311.jpg,736,942,143,80,544,678
00002064.jpg,1600,1167,605,99,918,365
00002577.jpg,683,1024,295,338,423,557
00003453.jpg,236,157,128,9,190,58
00002010.jpg,590,394,258,100,347,169
00002005.jpg,512,512,208,1,312,94
00002029.jpg,345,520,149,66,207,167
00002020.jpg,800,533,556,103,685,203
00002020.jpg,800,533,336,51,483,164
00002020.jpg,800,533,103,109,226,206
00002171.jpg,830,430,321,2,783,281
00001354.jpg,2000,1333,871,102,1388,503
00002423.jpg,612,459,138,4,526,344
00001876.jpg,2000,1333,313,58,958,559
00000786.jpg,1024,683,27,1,650,452
00002728.jpg,866,1390,274,62,599,657
00002897.jpg,612,408,222,56,395,190
00001457.jpg,866,1300,283,216,384,388
00001631.jpg,236,327,97,114,134,173
00000958.jpg,600,400,248,90,337,159
00002478.jpg,600,412,45,48,193,167
00002478.jpg,600,412,364,43,512,162
00003389.jpg,626,418,79,82,248,213
00003389.jpg,626,418,276,106,435,229
00002496.jpg,956,1280,423,374,521,527
00002781.jpg,1000,1500,401,331,551,594
00001632.jpg,390,280,174,16,299,121
00002161.jpg,1000,730,70,140,172,227
00002161.jpg,1000,730,407,101,505,182
00002161.jpg,1000,730,273,283,371,364
00002509.jpg,390,480,151,60,216,154
00001641.jpg,600,420,238,52,371,160
00001476.jpg,408,612,159,101,245,250
00000532.jpg,1000,667,97,169,320,342
00000532.jpg,1000,667,547,50,739,195
00000532.jpg,1000,667,301,130,469,260
00000532.jpg,1000,667,355,171,619,371
00002896.jpg,2000,1333,1081,311,1448,595
00002896.jpg,2000,1333,503,390,894,693
00003076.jpg,1916,2405,300,65,1544,1882
00003112.jpg,390,280,160,1,338,104
00002808.jpg,500,333,179,59,336,183
00001853.jpg,318,420,159,65,221,160
00001853.jpg,318,420,81,128,130,204
00000751.jpg,733,1023,294,76,431,299
00001656.jpg,650,433,329,16,443,105
00000143.jpg,736,919,218,121,444,449
00002356.jpg,359,320,66,41,104,80
00003240.jpg,390,280,117,62,251,174
00003240.jpg,390,280,19,101,127,191
00003240.jpg,390,280,207,33,314,123
00002759.jpg,1200,1200,420,372,621,607
00001526.jpg,866,1390,399,35,618,444
00003222.jpg,236,354,114,71,153,138
00003159.jpg,960,641,339,106,809,479
00000559.jpg,1024,682,470,198,639,329
00000559.jpg,1024,682,580,144,728,259
00000559.jpg,1024,682,380,160,507,259
00000211.jpg,534,849,175,202,271,380
00000353.jpg,700,466,263,81,376,168
00001370.jpg,333,519,151,17,226,151
00002336.jpg,250,326,100,42,145,110
00001597.jpg,1300,956,634,270,888,487
00001817.jpg,626,417,143,23,387,216
00002492.jpg,362,512,222,89,266,161
00000129.jpg,1600,1156,695,231,893,398
00003505.jpg,235,157,110,5,172,53
00003505.jpg,235,157,30,49,75,84
00003505.jpg,235,157,75,14,131,57
00002150.jpg,1300,918,797,190,981,342
00003425.jpg,800,800,305,178,405,294
00001286.jpg,1000,668,502,135,690,281
00000957.jpg,2946,1960,1204,139,1492,362
00001766.jpg,1600,1157,676,19,945,246
00001766.jpg,1600,1157,968,1,1255,230
00002267.jpg,590,394,166,8,436,219
00001352.jpg,1001,1600,426,412,609,754
00001340.jpg,3840,5760,1042,1127,2035,2860
00001566.jpg,1024,1024,525,114,883,532
00001859.jpg,678,1024,313,126,397,274
00001687.jpg,1300,956,381,98,605,289
00001456.jpg,667,1000,274,47,443,335
00002584.jpg,1280,720,561,96,885,312
00002584.jpg,1280,720,655,112,979,324
00001171.jpg,682,1024,223,253,356,481
00000836.jpg,1232,821,376,147,816,489
00002283.jpg,500,508,167,53,335,247
00002827.jpg,1000,667,590,187,777,333
00002827.jpg,1000,667,102,208,281,344
00002827.jpg,1000,667,330,254,488,377
00000901.jpg,866,1390,553,251,638,409
00002784.jpg,2000,1000,609,164,1372,618
00002784.jpg,2000,1000,25,179,740,595
00002784.jpg,2000,1000,1260,153,2000,619
00003062.jpg,1400,1050,575,281,805,478
00001639.jpg,682,1024,338,73,501,356
00002094.jpg,662,1000,284,66,463,380
00003358.jpg,800,533,235,173,406,305
00003358.jpg,800,533,517,262,632,352
00003358.jpg,800,533,410,190,519,275
00001087.jpg,1024,683,405,27,614,189
00002286.jpg,800,600,216,40,672,438
00001539.jpg,864,1300,206,391,450,808
00001485.jpg,319,450,133,95,219,236
00002704.jpg,2048,1365,791,4,1371,308
00001580.jpg,333,519,179,88,214,149
00001997.jpg,400,309,158,1,357,171
00000713.jpg,1280,853,269,73,646,365
00000713.jpg,1280,853,593,59,866,270
00002698.jpg,4800,3600,2708,446,4091,1653
00002698.jpg,4800,3600,1233,468,1792,955
00001088.jpg,1800,1202,699,331,983,552
00002964.jpg,640,360,14,20,215,151
00003513.jpg,236,157,59,31,145,97
00000308.jpg,620,348,262,29,381,107
00001420.jpg,800,1200,334,162,490,436
00001027.jpg,3456,5184,486,1032,2500,4471
00002816.jpg,700,467,356,53,590,236
00002853.jpg,1030,693,318,170,443,268
00002853.jpg,1030,693,438,176,569,278
00002853.jpg,1030,693,600,185,733,290
00001877.jpg,1500,1120,652,53,972,338
00002544.jpg,660,424,206,1,437,174
00001630.jpg,1600,1132,41,8,1321,995
00003459.jpg,236,322,89,27,119,73
00003266.jpg,1300,1035,814,170,1038,377
00001585.jpg,407,612,67,54,257,379
00001251.jpg,779,1000,407,81,492,207
00003145.jpg,500,331,44,34,373,287
00003095.jpg,1300,959,266,207,762,633
00002219.jpg,306,423,99,49,219,242
00002374.jpg,789,900,579,148,700,306
00002374.jpg,789,900,247,163,363,318
00001131.jpg,366,540,99,34,258,301
00001006.jpg,450,321,11,14,297,257
00002008.jpg,2936,1960,1168,278,1755,735
00002334.jpg,736,1104,251,48,408,317
00003004.jpg,800,800,214,261,430,512
00001463.jpg,2000,1334,678,47,1363,579
00003320.jpg,640,960,264,312,453,634
00001177.jpg,667,1000,400,66,512,262
00003510.jpg,236,318,85,13,133,89
00003510.jpg,236,318,77,91,116,150
00002857.jpg,612,408,164,128,307,238
00002857.jpg,612,408,336,47,505,181
00002857.jpg,612,408,200,142,345,255
00002857.jpg,612,408,240,154,389,269
00002857.jpg,612,408,1,66,144,212
00002857.jpg,612,408,372,45,582,218
00002857.jpg,612,408,90,78,218,173
00003202.jpg,1068,1600,243,309,777,1220
00002179.jpg,1600,900,434,25,1179,513
00002437.jpg,866,1300,326,332,586,778
00001847.jpg,683,1024,299,179,417,384
00001159.jpg,1024,682,419,92,771,360
00001841.jpg,735,490,266,57,541,274
00000120.jpg,736,1104,344,234,448,420
00001520.jpg,1098,732,684,251,987,486
00001520.jpg,1098,732,34,195,344,435
00001520.jpg,1098,732,375,279,678,509
00001520.jpg,1098,732,486,239,796,474
00001520.jpg,1098,732,913,215,1097,446
00001264.jpg,866,1300,322,628,528,988
00001842.jpg,700,1050,313,100,419,284
00002468.jpg,980,654,75,23,645,457
00000419.jpg,489,500,238,105,326,209
00003093.jpg,1440,1800,267,521,681,1125
00003093.jpg,1440,1800,649,709,1211,1543
00003093.jpg,1440,1800,810,83,1436,993
00001693.jpg,1023,682,406,50,796,352
00002898.jpg,600,401,1,3,501,393
00001882.jpg,1024,869,673,214,797,335
00001882.jpg,1024,869,564,128,709,271
00001882.jpg,1024,869,717,418,824,524
00002436.jpg,925,1200,231,70,683,753
00000141.jpg,334,519,162,106,261,280
00000141.jpg,334,519,44,88,147,270
00001084.jpg,390,280,164,16,233,73
00000426.jpg,686,1029,303,119,450,375
00002365.jpg,1600,1199,624,250,944,529
00003144.jpg,481,323,26,87,168,198
00003486.jpg,236,157,64,24,169,106
00002638.jpg,1023,682,560,245,740,385
00002702.jpg,1362,2048,442,343,931,1182
00001735.jpg,390,280,106,9,229,112
00001735.jpg,390,280,219,23,350,133
00000820.jpg,1078,1600,265,136,399,367
00000820.jpg,1078,1600,708,227,823,430
00002414.jpg,1400,933,584,128,1183,592
00003304.jpg,1023,683,58,123,271,285
00003304.jpg,1023,683,759,58,987,231
00001086.jpg,800,582,203,194,343,313
00001709.jpg,4016,6016,1812,745,2969,2718
00000492.jpg,1001,1500,383,124,606,513
00001430.jpg,538,612,197,92,331,268
00000348.jpg,590,342,319,69,418,137
00001140.jpg,1000,667,434,81,652,251
00002116.jpg,1067,1700,461,47,675,443
00001965.jpg,590,393,214,93,384,224
00000657.jpg,600,450,407,204,466,255
00000657.jpg,600,450,154,55,212,105
00000657.jpg,600,450,234,158,291,208
00000657.jpg,600,450,131,204,198,261
00000657.jpg,600,450,167,134,223,184
00000657.jpg,600,450,323,200,379,249
00000657.jpg,600,450,237,241,294,292
00000657.jpg,600,450,290,250,347,299
00000657.jpg,600,450,368,267,429,321
00000657.jpg,600,450,471,271,532,326
00000657.jpg,600,450,453,323,510,373
00000657.jpg,600,450,341,342,396,390
00001042.jpg,800,582,204,39,595,378
00003256.jpg,1024,1024,324,382,674,782
00001974.jpg,1050,700,405,84,614,247
00002736.jpg,640,467,154,61,288,175
00002736.jpg,640,467,355,150,463,243
00002736.jpg,640,467,168,174,296,283
00002736.jpg,640,467,233,37,332,121
00002736.jpg,640,467,402,110,478,176
00002736.jpg,640,467,269,114,374,203
00002736.jpg,640,467,495,143,576,212
00001289.jpg,1005,1300,234,156,694,834
00001830.jpg,1000,667,348,64,721,360
00001642.jpg,1125,750,452,219,677,393
00001901.jpg,861,1300,385,105,547,389
00002012.jpg,1500,1120,502,61,795,316
00003437.jpg,236,354,103,63,141,131
00000970.jpg,1024,688,415,1,924,399
00003502.jpg,200,150,1,1,200,149
00000590.jpg,1000,571,521,281,721,414
00000590.jpg,1000,571,277,294,481,430
00000540.jpg,612,408,245,138,378,241
00000540.jpg,612,408,9,61,174,186
00000540.jpg,612,408,317,46,424,128
00000540.jpg,612,408,215,46,352,154
00000540.jpg,612,408,355,90,489,194
00000540.jpg,612,408,466,1,612,91
00000540.jpg,612,408,146,43,245,118
00001608.jpg,1000,709,566,90,789,273
00003238.jpg,612,413,72,89,322,282
00000558.jpg,622,415,161,207,230,261
00000558.jpg,622,415,480,222,543,272
00001669.jpg,600,900,267,33,343,166
00002850.jpg,1333,2000,479,180,694,555
00001015.jpg,333,519,142,36,204,151
00000516.jpg,1300,956,365,164,589,355
00000516.jpg,1300,956,603,129,978,457
00000516.jpg,1300,956,472,35,726,258
00000516.jpg,1300,956,980,249,1282,508
00000516.jpg,1300,956,113,262,409,521
00000516.jpg,1300,956,190,101,378,262
00001560.jpg,1470,980,563,194,905,460
00003025.jpg,480,480,273,16,365,121
00002608.jpg,2000,1333,1121,404,1548,728
00002608.jpg,2000,1333,752,223,1111,501
00002608.jpg,2000,1333,914,590,1258,857
00000089.jpg,1000,1500,374,295,550,602
00002279.jpg,1200,1800,334,335,687,938
00002902.jpg,1080,1080,268,96,870,796
00002945.jpg,1080,1350,263,173,851,1030
00002945.jpg,1080,1350,5,300,502,1300
00002115.jpg,626,418,355,60,564,223
00002035.jpg,1500,1120,519,79,971,471
00001858.jpg,1600,1156,890,74,1286,407
00003481.jpg,236,353,81,72,124,147
00000642.jpg,1200,800,235,170,465,349
00000642.jpg,1200,800,377,104,602,279
00000642.jpg,1200,800,402,287,813,599
00000642.jpg,1200,800,775,363,1188,683
00000642.jpg,1200,800,610,239,816,399
00000642.jpg,1200,800,769,204,1014,390
00000642.jpg,1200,800,100,356,367,563
00001537.jpg,392,600,146,46,275,275
00001417.jpg,608,406,138,11,423,232
00003231.jpg,1200,1200,429,357,554,500
00002195.jpg,584,860,269,131,361,292
00002429.jpg,650,667,95,22,514,522
00002603.jpg,840,473,596,271,696,337
00002603.jpg,840,473,330,28,409,80
00002603.jpg,840,473,138,300,213,348
00002768.jpg,920,460,1,56,501,403
00001249.jpg,236,297,50,5,151,153
00000857.jpg,1000,667,359,29,732,319
00000128.jpg,910,607,491,201,662,333
00002001.jpg,1500,1120,564,1,960,328
00002910.jpg,480,320,120,195,191,250
00002910.jpg,480,320,187,116,277,185
00002910.jpg,480,320,268,160,338,214
00002910.jpg,480,320,200,37,260,83
00000752.jpg,967,1300,424,74,635,412
00003035.jpg,390,280,54,75,131,139
00003035.jpg,390,280,140,50,239,134
00003035.jpg,390,280,270,50,355,121
00003035.jpg,390,280,150,144,240,220
00002040.jpg,332,519,150,39,215,157
00003310.jpg,612,408,256,65,453,217
00001878.jpg,600,332,105,15,208,83
00000235.jpg,4000,6000,1521,1867,1939,2580
00001568.jpg,626,417,265,32,437,166
00002034.jpg,510,340,115,124,214,202
00002034.jpg,510,340,242,14,393,131
00002034.jpg,510,340,164,63,317,182
00000547.jpg,1001,1600,30,327,222,692
00000547.jpg,1001,1600,233,416,380,691
00000547.jpg,1001,1600,449,494,653,875
00001259.jpg,1500,1101,811,99,1359,567
00003000.jpg,600,338,351,1,561,113
00002092.jpg,626,418,374,35,540,163
00003300.jpg,236,280,109,17,141,62
00002802.jpg,1024,576,223,129,432,266
00002802.jpg,1024,576,586,19,814,168
00002802.jpg,1024,576,828,1,1024,125
00002802.jpg,1024,576,412,57,631,197
00002802.jpg,1024,576,12,210,199,333
00003309.jpg,612,408,366,104,499,206
00003309.jpg,612,408,106,41,330,218
00002192.jpg,800,470,6,73,237,231
00002192.jpg,800,470,167,270,342,387
00002192.jpg,800,470,238,46,512,234
00002911.jpg,1600,1167,183,90,1069,842
00002762.jpg,1000,1000,351,130,741,584
00001937.jpg,800,533,258,32,474,196
00000569.jpg,590,394,78,79,252,211
00000569.jpg,590,394,440,62,512,118
00000569.jpg,590,394,381,125,452,181
00000569.jpg,590,394,246,77,330,143
00002869.jpg,681,1024,228,127,394,410
00002883.jpg,1536,1024,164,196,1039,874
00001149.jpg,1257,1300,524,171,731,421
00002769.jpg,960,640,114,7,650,423
00002645.jpg,325,280,38,69,102,133
00002645.jpg,325,280,173,70,235,132
00001586.jpg,800,533,309,70,503,224
00003255.jpg,800,800,113,304,316,539
00000952.jpg,590,367,180,37,350,160
00002178.jpg,612,407,354,113,512,233
00002178.jpg,612,407,227,152,450,329
00001563.jpg,612,408,270,68,485,235
00002740.jpg,1024,683,340,192,449,277
00001603.jpg,390,280,46,65,126,132
00000015.jpg,1333,2000,471,315,774,845
00002538.jpg,400,267,102,4,361,201
00002521.jpg,1024,683,350,81,633,301
00001764.jpg,1300,1142,367,61,1124,835
00002685.jpg,823,576,240,117,412,257
00002685.jpg,823,576,444,121,609,256
00001190.jpg,236,340,49,1,134,139
00002272.jpg,1024,746,292,179,675,503
00001746.jpg,2000,1334,738,311,1340,778
00000705.jpg,2048,1365,788,242,1207,566
00000705.jpg,2048,1365,1292,527,1547,724
00002676.jpg,467,700,171,69,335,354
00000576.jpg,1500,1120,1005,53,1419,413
00000576.jpg,1500,1120,852,349,1476,891
00000576.jpg,1500,1120,602,297,1115,744
00000576.jpg,1500,1120,437,279,953,728
00000576.jpg,1500,1120,279,254,782,691
00000576.jpg,1500,1120,95,259,600,759
00003478.jpg,236,157,28,3,159,105
00003098.jpg,1023,682,827,413,934,496
00001623.jpg,433,650,152,187,244,349
00002486.jpg,600,400,228,61,356,160
00001369.jpg,434,650,141,208,244,388
00001969.jpg,667,1024,259,91,443,412
00003051.jpg,600,400,163,32,408,222
00003374.jpg,587,600,139,327,234,437
00003374.jpg,587,600,356,324,446,432
00003374.jpg,587,600,251,290,348,403
00002626.jpg,612,408,203,103,421,273
00002892.jpg,1200,675,351,1,1165,517
00000478.jpg,1023,819,437,135,788,462
00002122.jpg,1400,1130,434,257,636,447
00002122.jpg,1400,1130,637,343,771,469
00003431.jpg,736,1111,169,470,257,620
00003431.jpg,736,1111,332,254,436,437
00003431.jpg,736,1111,198,320,284,471
00003431.jpg,736,1111,431,342,515,486
00001948.jpg,1000,1500,285,151,561,632
00003370.jpg,500,700,196,85,273,211
00000069.jpg,1000,1500,399,909,515,1112
00000838.jpg,799,1024,123,45,588,723
00000067.jpg,1333,2000,700,244,949,680
00001536.jpg,626,417,330,55,591,262
00000675.jpg,750,501,189,106,268,167
00000675.jpg,750,501,274,81,372,155
00000675.jpg,750,501,376,76,473,151
00000675.jpg,750,501,402,170,489,238
00002884.jpg,1500,1253,785,253,1085,545
00002884.jpg,1500,1253,1049,274,1362,578
00002884.jpg,1500,1253,290,132,590,423
00002884.jpg,1500,1253,467,231,748,511
00001987.jpg,1300,1066,286,2,1291,961
00003299.jpg,500,367,206,113,294,186
00000840.jpg,1300,866,438,191,903,552
00001151.jpg,1331,2000,476,613,754,1099
00002799.jpg,800,532,398,255,690,481
00002799.jpg,800,532,148,160,476,419
00003369.jpg,612,485,11,74,136,189
00003369.jpg,612,485,260,47,380,158
00001416.jpg,333,519,86,26,156,152
00001993.jpg,450,378,217,19,303,103
00003428.jpg,1000,1000,295,288,475,497
00003362.jpg,424,490,106,94,158,164
00003362.jpg,424,490,275,118,323,183
00003362.jpg,424,490,194,41,251,117
00003362.jpg,424,490,195,264,237,320
00001419.jpg,3005,1960,994,76,2365,1116
00000792.jpg,1000,1000,262,33,728,575
00000849.jpg,636,1024,296,36,375,184
00002508.jpg,236,346,59,25,124,136
00000091.jpg,400,600,98,79,347,505
00001315.jpg,689,900,156,6,470,484
00002451.jpg,1800,1200,204,1,1506,884
00002574.jpg,900,600,256,40,539,255
00002574.jpg,900,600,434,155,687,348
00001316.jpg,626,418,105,3,539,154
00002003.jpg,1024,684,162,30,1002,683
00001060.jpg,1300,956,735,81,959,272
00000799.jpg,1300,957,185,29,494,299
00001104.jpg,700,1050,86,1,604,738
00000123.jpg,681,1024,268,139,350,281
00001296.jpg,1000,667,226,109,484,309
00000077.jpg,667,1000,262,162,332,281
00002421.jpg,1210,988,111,256,227,366
00002421.jpg,1210,988,259,108,372,216
00002421.jpg,1210,988,614,314,727,420
00002421.jpg,1210,988,881,324,1004,442
00002421.jpg,1210,988,253,368,362,469
00002421.jpg,1210,988,661,88,763,186
00002060.jpg,640,640,42,109,297,406
00002060.jpg,640,640,343,44,631,379
00003353.jpg,390,280,171,108,214,145
00002430.jpg,728,546,145,41,443,301
00001719.jpg,768,1024,263,57,374,229
00001606.jpg,867,1300,379,155,478,327
00001930.jpg,682,1023,195,1,384,123
00002146.jpg,397,600,159,70,233,199
00001636.jpg,864,1300,236,83,382,332
00001113.jpg,626,418,236,2,626,152
00000530.jpg,1300,866,534,342,752,512
00000530.jpg,1300,866,332,313,556,486
00000530.jpg,1300,866,777,130,1037,327
00000530.jpg,1300,866,655,283,899,468
00002949.jpg,288,360,109,74,176,170
00002293.jpg,1335,2000,638,413,843,772
00001864.jpg,1300,866,476,81,606,182
00000047.jpg,1300,891,819,93,1057,283
00000047.jpg,1300,891,641,279,845,443
00002885.jpg,504,370,307,167,369,219
00002885.jpg,504,370,180,72,253,132
00002885.jpg,504,370,234,177,294,227
00002885.jpg,504,370,189,207,245,255
00002885.jpg,504,370,267,95,330,149
00002885.jpg,504,370,141,161,205,215
00001148.jpg,1331,2000,476,613,754,1099
00003308.jpg,720,1076,387,87,581,425
00003097.jpg,612,408,420,149,522,229
00003097.jpg,612,408,295,66,434,175
00003097.jpg,612,408,403,87,508,167
00002867.jpg,1920,1080,816,171,1146,387
00002086.jpg,300,450,46,21,171,240
00002788.jpg,735,1000,218,131,459,504
00000138.jpg,390,280,159,70,234,132
00002550.jpg,445,600,120,136,166,209
00002823.jpg,504,358,213,154,267,198
00002823.jpg,504,358,173,74,235,126
00002823.jpg,504,358,269,72,330,123
00002823.jpg,504,358,332,160,383,203
00002067.jpg,1300,861,367,77,1003,578
00001438.jpg,640,960,132,127,291,403
00001908.jpg,626,938,289,78,359,200
00000222.jpg,1300,956,466,151,776,415
00002640.jpg,612,408,264,68,531,276
00002751.jpg,1000,666,479,175,598,267
00000528.jpg,1300,957,798,279,1047,492
00000528.jpg,1300,957,416,214,676,437
00000528.jpg,1300,957,193,318,483,561
00000528.jpg,1300,957,662,153,900,353
00003291.jpg,1024,681,610,174,762,289
00003291.jpg,1024,681,438,252,565,352
00003291.jpg,1024,681,227,78,375,193
00001966.jpg,400,289,152,19,316,156
00001107.jpg,533,849,231,68,297,191
00002517.jpg,960,441,65,111,261,216
00002517.jpg,960,441,259,320,451,423
00002517.jpg,960,441,302,27,486,123
00002517.jpg,960,441,734,11,918,109
00002517.jpg,960,441,513,105,713,210
00002517.jpg,960,441,416,285,574,370
00002617.jpg,1800,1200,1123,368,1508,666
00002641.jpg,736,1104,246,201,482,613
00000828.jpg,300,470,95,40,154,147
00002260.jpg,1280,720,21,1,1113,680
00001493.jpg,1500,964,579,68,935,341
00003421.jpg,736,490,136,21,438,254
00003421.jpg,736,490,369,67,626,271
00002264.jpg,718,1024,205,105,492,582
00002245.jpg,512,512,155,1,382,164
00002542.jpg,1500,1000,123,5,1016,668
00000524.jpg,970,714,553,108,774,297
00000524.jpg,970,714,210,274,381,420
00000524.jpg,970,714,403,270,573,416
00001072.jpg,1000,667,265,82,566,316
00001980.jpg,1024,769,506,329,702,501
00001980.jpg,1024,769,132,413,312,570
00001731.jpg,720,908,34,1,543,656
00000621.jpg,1600,1156,790,259,1083,506
00000621.jpg,1600,1156,832,62,979,186
00000621.jpg,1600,1156,511,193,681,336
00000621.jpg,1600,1156,611,303,786,450
00003172.jpg,262,280,75,197,119,250
00003172.jpg,262,280,209,199,251,251
00003172.jpg,262,280,15,5,52,50
00003172.jpg,262,280,143,3,184,54
00003172.jpg,262,280,140,136,180,186
00003172.jpg,262,280,15,200,51,245
00003172.jpg,262,280,77,7,115,54
00003172.jpg,262,280,12,134,49,180
00003172.jpg,262,280,16,74,51,118
00003172.jpg,262,280,213,71,246,113
00003172.jpg,262,280,82,135,116,177
00000422.jpg,900,601,393,241,562,369
00000044.jpg,873,580,314,70,626,311
00001657.jpg,1500,1101,739,240,1081,538
00000045.jpg,1600,1167,193,140,654,540
00001277.jpg,500,749,203,173,282,307
00001839.jpg,866,1300,177,8,566,687
00002801.jpg,819,1024,367,186,608,537
00002801.jpg,819,1024,1,1,149,139
00002801.jpg,819,1024,280,3,517,222
00000885.jpg,333,500,67,45,189,259
00002212.jpg,736,1104,242,73,410,366
00001902.jpg,2410,1465,881,222,1561,703
00000155.jpg,1000,684,483,276,585,357
00002230.jpg,640,881,130,135,292,400
00002230.jpg,640,881,326,204,438,384
00002117.jpg,1300,1152,557,14,823,288
00002117.jpg,1300,1152,741,75,985,327
00003377.jpg,390,280,56,18,139,88
00003377.jpg,390,280,203,38,285,106
00003377.jpg,390,280,135,82,212,145
00001233.jpg,667,1000,225,63,465,481
00003021.jpg,550,374,32,77,229,233
00001035.jpg,682,1023,154,1,359,282
00000817.jpg,667,1000,268,32,410,280
00000788.jpg,590,788,252,67,358,232
00000764.jpg,1001,1600,441,64,613,384
00002811.jpg,626,418,149,47,476,307
00002811.jpg,626,418,1,1,327,291
00002811.jpg,626,418,298,1,625,277
00002357.jpg,536,600,178,148,336,353
00002413.jpg,3000,2000,1756,307,2219,666
00000022.jpg,767,512,475,129,558,194
00001071.jpg,450,382,237,43,392,196
00001366.jpg,800,568,269,90,499,276
00000787.jpg,650,434,281,68,429,180
00000406.jpg,200,200,80,51,119,97
00000470.jpg,1000,562,291,124,495,258
00001494.jpg,450,320,306,21,389,90
00003449.jpg,236,354,69,37,155,188
00001584.jpg,319,450,164,91,221,185
00003319.jpg,800,533,306,29,800,441
00000724.jpg,696,440,333,64,445,146
00000724.jpg,696,440,225,71,340,155
00002481.jpg,700,467,157,90,359,247
00000884.jpg,1024,663,281,35,403,127
00003115.jpg,681,1024,289,157,465,465
00003311.jpg,1280,853,424,116,853,448
00002391.jpg,408,612,82,273,202,482
00002391.jpg,408,612,187,43,310,257
00003194.jpg,612,433,465,32,535,89
00002162.jpg,640,480,153,56,569,411
00002322.jpg,700,350,1,12,566,345
00002484.jpg,1600,900,514,229,894,473
00000231.jpg,1024,683,194,7,791,460
00001313.jpg,682,1024,230,69,475,488
00003023.jpg,549,309,415,121,520,188
00003023.jpg,549,309,130,128,235,197
00003023.jpg,549,309,409,31,512,99
00003023.jpg,549,309,104,9,192,67
00003023.jpg,549,309,243,52,361,129
00000819.jpg,1024,683,289,20,640,292
00001415.jpg,850,1280,331,238,603,716
00002080.jpg,682,1023,46,1,638,409
00002516.jpg,2946,1960,874,264,1687,893
00000637.jpg,1300,956,691,106,1027,393
00000637.jpg,1300,956,440,303,907,712
00000637.jpg,1300,956,563,79,829,301
00000637.jpg,1300,956,348,141,602,359
00000637.jpg,1300,956,908,12,1157,220
00000637.jpg,1300,956,5,125,364,482
00002021.jpg,493,280,243,21,335,82
00002128.jpg,390,280,100,34,278,186
00001570.jpg,590,393,298,100,370,156
00001660.jpg,400,600,164,42,246,185
00001450.jpg,850,1280,288,354,486,694
00001025.jpg,867,1300,393,96,574,405
00003019.jpg,800,534,75,100,512,439
00000813.jpg,2613,1960,6,1,1528,1547
00000908.jpg,1300,866,260,87,544,307
00001982.jpg,626,417,311,12,473,137
00003430.jpg,800,800,388,45,479,151
00000032.jpg,1600,1157,555,63,1447,830
00002536.jpg,612,459,204,18,496,273
00002658.jpg,400,600,70,173,149,309
00002658.jpg,400,600,230,70,281,156
00000679.jpg,1024,683,652,223,817,351
00000679.jpg,1024,683,342,189,543,345
00000679.jpg,1024,683,200,135,362,260
00000679.jpg,1024,683,256,200,418,325
00000679.jpg,1024,683,756,156,904,273
00000679.jpg,1024,683,460,128,590,227
00002111.jpg,1024,683,315,93,873,536
00001720.jpg,600,900,175,5,463,495
00000842.jpg,750,1124,250,186,330,326
00000842.jpg,750,1124,397,251,466,371
00002708.jpg,2000,1228,60,115,469,407
00002708.jpg,2000,1228,441,94,958,463
00002708.jpg,2000,1228,798,202,1295,550
00002708.jpg,2000,1228,1422,220,1998,669
00002113.jpg,800,533,108,37,500,341
00000921.jpg,509,339,255,1,442,144
00002735.jpg,400,600,154,65,229,196
00001986.jpg,800,582,176,21,673,442
00000358.jpg,6000,4000,3241,724,4441,1655
00002660.jpg,626,417,194,57,359,185
00000578.jpg,1024,682,102,139,378,353
00000578.jpg,1024,682,592,137,780,279
00000578.jpg,1024,682,717,161,950,341
00000578.jpg,1024,682,405,163,658,355
00000578.jpg,1024,682,130,213,549,530
00000578.jpg,1024,682,225,1,409,126
00000578.jpg,1024,682,371,65,529,185
00000578.jpg,1024,682,482,53,657,189
00000578.jpg,1024,682,719,374,1021,664
00000990.jpg,612,408,236,27,497,235
00001205.jpg,1000,1500,336,232,772,994
00001139.jpg,700,1050,305,58,507,410
00002860.jpg,900,675,678,160,770,240
00002860.jpg,900,675,480,56,568,133
00002860.jpg,900,675,79,114,186,208
00001710.jpg,626,417,203,36,330,135
00001767.jpg,612,408,124,12,480,289
00003017.jpg,1300,806,440,113,917,458
00000427.jpg,2316,2557,1620,834,2316,1853
00000427.jpg,2316,2557,159,346,840,1222
00003131.jpg,682,1024,324,181,407,326
00000982.jpg,533,849,256,145,314,253
00001400.jpg,2000,1333,540,178,1026,555
00001212.jpg,612,423,269,44,391,145
00000239.jpg,500,486,117,181,174,245
00000239.jpg,500,486,217,121,271,181
00000239.jpg,500,486,401,129,452,186
00000239.jpg,500,486,48,126,108,191
00000239.jpg,500,486,326,141,375,195
00002580.jpg,1400,1000,412,150,1400,993
00001176.jpg,1800,1800,940,292,1200,594
00003339.jpg,626,352,222,139,383,245
00003381.jpg,612,408,231,131,346,220
00001799.jpg,333,519,43,88,217,396
00002863.jpg,1200,1185,811,426,923,555
00003053.jpg,1920,1534,477,179,665,354
00003053.jpg,1920,1534,1430,240,1708,493
00003053.jpg,1920,1534,740,235,941,421
00003053.jpg,1920,1534,1127,357,1417,627
00003053.jpg,1920,1534,113,521,390,779
00001894.jpg,1600,1167,621,94,947,371
00000661.jpg,1500,1000,120,97,273,216
00000661.jpg,1500,1000,1318,114,1468,233
00000661.jpg,1500,1000,406,133,535,235
00000969.jpg,853,1000,388,128,538,333
00000757.jpg,800,582,258,148,479,335
00001279.jpg,209,140,75,32,148,90
00001761.jpg,800,582,270,75,522,283
00000811.jpg,1500,1600,726,130,1139,633
00000801.jpg,406,612,151,38,273,253
00002556.jpg,5472,3648,1585,1720,3886,3505
00002071.jpg,867,1390,336,103,473,363
00001368.jpg,1500,1120,687,99,956,333
00001558.jpg,500,333,285,16,404,108
00001065.jpg,590,393,177,67,268,138
00001065.jpg,590,393,284,59,390,141
00001624.jpg,1300,1390,505,135,904,632
00002583.jpg,900,600,235,105,462,282
00001525.jpg,780,527,149,24,473,279
00001844.jpg,1600,1165,519,78,806,321
00001844.jpg,1600,1165,898,103,1140,308
00001234.jpg,800,582,256,124,518,341
00002033.jpg,864,1390,272,61,427,345
00001428.jpg,590,885,201,89,382,406
00001351.jpg,683,1024,317,204,392,334
00000924.jpg,735,980,341,69,492,303
00002296.jpg,1000,667,449,39,877,378
00003317.jpg,390,280,290,30,348,79
00003317.jpg,390,280,195,12,251,59
00003317.jpg,390,280,150,48,197,86
00003317.jpg,390,280,59,146,113,191
00001755.jpg,1300,956,616,100,870,323
00000363.jpg,1281,681,192,149,484,330
00000177.jpg,6000,4000,1308,92,3873,2125
00002687.jpg,504,330,85,137,176,206
00002687.jpg,504,330,246,144,331,209
00002687.jpg,504,330,183,69,261,128
00002687.jpg,504,330,333,147,417,211
00002687.jpg,504,330,288,77,369,139
00002454.jpg,500,750,186,63,316,288
00001879.jpg,509,339,141,28,395,225
00000670.jpg,1600,1155,403,173,737,454
00000670.jpg,1600,1155,674,191,1015,478
00000670.jpg,1600,1155,963,160,1327,460
00001925.jpg,1335,2000,559,153,826,619
00000068.jpg,1177,1175,521,67,668,233
00000068.jpg,1177,1175,964,46,1104,206
00000068.jpg,1177,1175,491,494,669,700
00001923.jpg,1500,1029,590,121,890,360
00003160.jpg,1280,720,259,28,869,436
00003504.jpg,236,354,52,96,99,179
00001422.jpg,667,1000,344,250,480,493
00001198.jpg,682,1024,307,63,388,205
00001745.jpg,1300,866,514,110,905,413
00002993.jpg,1500,1500,793,326,1035,608
00002975.jpg,612,408,240,60,538,291
00002028.jpg,1581,1054,637,87,1113,455
00001801.jpg,612,408,307,142,465,265
00001801.jpg,612,408,66,22,386,270
00001801.jpg,612,408,414,134,556,242
00002595.jpg,858,572,396,140,618,312
00002518.jpg,350,200,21,8,207,132
00002236.jpg,1280,853,363,79,902,496
00002236.jpg,1280,853,598,261,1142,683
00001458.jpg,650,433,366,113,554,256
00001837.jpg,867,1390,316,189,517,566
00001809.jpg,800,533,107,41,593,418
00002317.jpg,682,1024,225,64,413,393
00003348.jpg,612,408,363,176,535,309
00003348.jpg,612,408,104,237,284,377
00003348.jpg,612,408,182,98,391,265
00002535.jpg,960,720,459,66,708,282
00003394.jpg,612,433,261,191,416,321
00003394.jpg,612,433,198,142,329,250
00003394.jpg,612,433,119,164,231,257
00003394.jpg,612,433,147,41,254,129
00002412.jpg,1500,1000,139,264,519,559
00002412.jpg,1500,1000,1015,416,1364,682
00002412.jpg,1500,1000,588,287,959,575
00002209.jpg,698,1050,200,93,548,688
00002183.jpg,900,642,374,61,705,335
00002183.jpg,900,642,615,233,820,403
00000285.jpg,867,1300,437,392,599,670
00001697.jpg,800,746,1,1,339,371
00001779.jpg,667,1000,282,158,391,346
00003146.jpg,626,418,495,124,600,206
00003146.jpg,626,418,271,83,378,166
00003146.jpg,626,418,143,150,253,235
00003146.jpg,626,418,348,167,458,252
00003146.jpg,626,418,37,149,140,229
00002978.jpg,427,640,148,29,318,319
00002197.jpg,800,534,296,78,390,150
00002229.jpg,374,580,166,161,273,351
00003487.jpg,236,236,79,60,132,121
00001223.jpg,1300,1300,468,77,859,532
00001825.jpg,2000,1334,463,167,1282,802
00002854.jpg,900,600,225,2,785,409
00002495.jpg,1024,682,126,80,478,353
00003196.jpg,509,339,249,57,439,205
00003196.jpg,509,339,181,64,364,209
00002643.jpg,681,1024,295,211,434,454
00001238.jpg,1024,683,33,22,492,379
00001744.jpg,650,434,223,99,427,258
00003249.jpg,426,640,126,189,194,307
00003249.jpg,426,640,259,116,331,239
00003111.jpg,500,333,186,112,321,217
00003111.jpg,500,333,73,18,244,148
00001673.jpg,500,750,186,41,321,276
00001913.jpg,867,1300,333,77,495,361
00002376.jpg,800,547,162,39,741,500
00000585.jpg,1500,1000,1037,113,1259,285
00000585.jpg,1500,1000,244,121,476,301
00002120.jpg,700,1050,302,367,387,515
00001906.jpg,683,1024,364,109,510,363
00001507.jpg,640,963,229,35,421,372
00003054.jpg,960,720,637,132,792,267
00003054.jpg,960,720,168,277,284,378
00002899.jpg,800,800,159,137,357,367
00001781.jpg,682,1024,197,97,509,628
00002677.jpg,500,333,145,36,373,217
00002364.jpg,2000,2000,635,241,1454,1194
00000328.jpg,1470,980,859,170,1106,362
00002198.jpg,471,630,215,33,283,139
00000768.jpg,866,1390,261,56,371,261
00001964.jpg,600,418,241,37,377,145
00001964.jpg,600,418,147,31,290,144
00002199.jpg,470,423,210,65,367,230
00002249.jpg,1330,919,128,82,1197,905
00003058.jpg,350,350,265,193,315,249
00003058.jpg,350,350,43,211,85,261
00003427.jpg,612,408,135,42,476,307
00000181.jpg,1600,1158,451,30,1306,750
00002095.jpg,1500,1120,491,42,1028,508
00001865.jpg,1050,700,335,26,827,408
00001255.jpg,800,533,362,63,583,231
00001802.jpg,678,1024,252,148,376,362
00002553.jpg,2560,1440,199,1,2203,1280
00000640.jpg,1500,1101,154,254,550,599
00000640.jpg,1500,1101,517,290,968,667
00000640.jpg,1500,1101,1035,295,1423,619
00000640.jpg,1500,1101,789,73,1168,398
00000640.jpg,1500,1101,372,68,768,406
00002571.jpg,960,720,117,159,317,334
00002571.jpg,960,720,596,203,772,354
00001888.jpg,600,418,267,68,419,189
00001754.jpg,600,849,231,197,362,413
00001156.jpg,450,347,205,56,369,207
00003166.jpg,1300,956,531,79,1087,555
00002610.jpg,1024,682,569,168,699,269
00002610.jpg,1024,682,198,73,333,176
00000170.jpg,626,418,299,72,368,127
00000170.jpg,626,418,363,155,442,217
00000170.jpg,626,418,421,38,499,98
00000170.jpg,626,418,294,134,369,192
00000719.jpg,626,417,153,20,272,113
00000719.jpg,626,417,65,89,208,197
00000719.jpg,626,417,304,32,460,150
00000719.jpg,626,417,408,32,554,142
00000719.jpg,626,417,205,72,374,203
00000719.jpg,626,417,135,118,297,244
00001147.jpg,500,334,124,60,208,124
00001272.jpg,380,280,127,37,304,189
00002545.jpg,400,600,171,46,214,122
00000503.jpg,1300,1043,650,500,946,777
00000503.jpg,1300,1043,292,331,536,554
00000503.jpg,1300,1043,600,331,838,549
00000503.jpg,1300,1043,317,561,566,793
00000503.jpg,1300,1043,456,255,640,426
00000503.jpg,1300,1043,611,185,773,335
00000503.jpg,1300,1043,879,282,1238,624
00000100.jpg,1333,2000,664,478,974,1008
00001900.jpg,1500,1000,819,48,1300,421
00000179.jpg,1500,2250,704,409,854,671
00001957.jpg,1600,1167,321,72,1139,766
00001708.jpg,1500,1098,879,201,1228,498
00002259.jpg,634,407,377,52,482,130
00002259.jpg,634,407,248,40,352,118
00000877.jpg,400,245,108,18,304,157
00002310.jpg,866,1300,400,257,593,595
00002593.jpg,467,700,161,266,255,428
00002713.jpg,1024,683,456,139,684,316
00002713.jpg,1024,683,699,80,1022,354
00001931.jpg,1334,2000,560,174,709,434
00001920.jpg,865,1300,370,138,469,310
00000893.jpg,300,300,60,37,118,105
00002636.jpg,1024,683,281,199,395,287
00000955.jpg,1000,1620,218,207,519,774
00002877.jpg,2500,3745,736,226,1215,1061
00002877.jpg,2500,3745,1022,886,1490,1685
00001835.jpg,590,393,33,84,196,211
00001845.jpg,1500,1120,608,64,943,354
00003325.jpg,1200,750,345,85,767,392
00001675.jpg,1600,1168,883,93,1247,410
00000681.jpg,650,433,387,100,509,194
00000681.jpg,650,433,256,122,352,196
00000681.jpg,650,433,133,67,231,143
00000681.jpg,650,433,229,62,325,137
00001826.jpg,1600,1167,622,42,942,313
00001607.jpg,2410,3679,1142,1140,1393,1587
00002633.jpg,750,501,189,106,268,167
00002633.jpg,750,501,274,81,372,155
00002633.jpg,750,501,376,76,473,151
00002633.jpg,750,501,402,170,489,238
00003126.jpg,533,800,125,62,363,468
00001353.jpg,2000,1333,571,94,1318,673
00002555.jpg,1024,656,750,143,964,302
00002555.jpg,1024,656,10,54,233,217
00002555.jpg,1024,656,398,64,631,238
00002555.jpg,1024,656,631,54,859,224
00002555.jpg,1024,656,685,278,923,456
00002555.jpg,1024,656,95,179,328,349
00002555.jpg,1024,656,321,269,554,447
00001593.jpg,334,500,93,53,167,180
00001796.jpg,590,393,208,53,559,325
00003008.jpg,1242,918,158,1,1083,309
00003055.jpg,1300,957,191,187,527,475
00003055.jpg,1300,957,689,162,979,416
00003003.jpg,2000,1333,995,289,1912,1000
00003003.jpg,2000,1333,544,210,1345,832
00003003.jpg,2000,1333,89,197,1001,904
00001377.jpg,683,1024,253,27,405,293
00000567.jpg,1500,1000,450,302,1016,741
00000567.jpg,1500,1000,2,413,504,830
00000567.jpg,1500,1000,768,63,1328,497
00000763.jpg,955,1300,234,170,492,578
00001519.jpg,1000,694,232,47,526,279
00002821.jpg,2500,1667,1266,393,1835,826
00002821.jpg,2500,1667,610,266,1144,671
00001643.jpg,1300,970,761,224,1005,435
00001643.jpg,1300,970,238,274,456,464
00001643.jpg,1300,970,456,193,700,400
00002144.jpg,2000,1333,657,52,1233,509
00001681.jpg,626,417,250,48,386,156
00001653.jpg,1000,667,341,101,649,340
00001090.jpg,1039,1300,570,97,685,269
00001713.jpg,334,518,148,53,191,131
00000870.jpg,1000,1500,401,331,551,594
00001396.jpg,612,494,314,52,587,315
00001699.jpg,798,1024,246,172,532,598
00002718.jpg,720,576,354,73,526,236
00002174.jpg,1067,1390,280,429,455,689
00001154.jpg,1024,684,185,37,850,553
00000256.jpg,1300,956,342,160,538,328
00000256.jpg,1300,956,708,84,936,279
00001114.jpg,865,1390,269,321,349,466
00002127.jpg,2048,1367,826,114,1254,439
00002127.jpg,2048,1367,1230,445,1559,696
00001515.jpg,1300,867,389,171,780,468
00001944.jpg,1024,683,354,65,901,490
00001426.jpg,500,750,197,243,289,403
00003155.jpg,700,466,181,5,563,294
00001866.jpg,1000,1500,427,320,680,752
00001741.jpg,236,373,72,3,150,142
00000790.jpg,1058,1600,437,86,710,567
00002048.jpg,1300,867,585,120,862,335
00002305.jpg,640,960,216,234,347,462
00002032.jpg,700,1050,282,76,405,291
00001914.jpg,1300,956,337,11,1259,799
00001823.jpg,683,1023,243,117,382,361
00002053.jpg,1024,683,680,132,885,291
00000263.jpg,960,864,732,112,846,231
00000263.jpg,960,864,412,142,506,240
00000263.jpg,960,864,573,114,674,219
00002866.jpg,800,600,427,71,630,251
00002866.jpg,800,600,559,12,800,231
00002866.jpg,800,600,510,427,603,508
00002866.jpg,800,600,615,467,695,537
00000340.jpg,800,583,469,99,629,235
00002855.jpg,1080,720,392,59,787,371
00002855.jpg,1080,720,625,164,936,405
00001551.jpg,800,558,382,52,633,251
00001448.jpg,1600,1168,661,228,1074,580
00001373.jpg,601,900,251,88,321,212
00002923.jpg,720,480,395,193,542,307
00002923.jpg,720,480,356,86,513,208
00003033.jpg,1024,688,246,265,547,506
00003033.jpg,1024,688,467,176,775,416
00000502.jpg,1300,956,647,219,843,387
00000502.jpg,1300,956,293,369,531,573
00000502.jpg,1300,956,265,225,453,382
00000502.jpg,1300,956,811,410,1065,628
00000502.jpg,1300,956,779,136,971,304
00000536.jpg,1232,821,105,288,501,595
00000536.jpg,1232,821,366,221,770,541
00000536.jpg,1232,821,538,160,962,488
00003470.jpg,236,157,54,46,140,112
00001695.jpg,323,254,98,62,211,166
00001926.jpg,1600,1156,180,7,1241,919
00001167.jpg,626,417,277,56,458,196
00000734.jpg,1900,1068,376,63,773,317
00000734.jpg,1900,1068,1341,212,1729,466
00000734.jpg,1900,1068,601,156,989,410
00000522.jpg,612,408,58,106,250,255
00000522.jpg,612,408,25,32,133,115
00000522.jpg,612,408,305,109,420,196
00000522.jpg,612,408,236,143,394,266
00000522.jpg,612,408,365,22,475,107
00000522.jpg,612,408,423,84,575,201
00002130.jpg,2000,1334,774,195,1350,642
00000105.jpg,1800,1200,689,102,1026,364
00001413.jpg,1300,1021,498,90,842,404
00000667.jpg,2000,1125,749,421,1338,807
00000667.jpg,2000,1125,1196,27,1772,412
00000667.jpg,2000,1125,7,152,622,572
00000667.jpg,2000,1125,857,96,1224,331
00000667.jpg,2000,1125,973,94,1356,340
00000667.jpg,2000,1125,412,80,976,449
00003372.jpg,408,612,151,266,203,356
00002145.jpg,866,1300,378,456,506,680
00000605.jpg,800,534,131,96,313,234
00000605.jpg,800,534,327,141,552,312
00000605.jpg,800,534,524,162,735,326
00000605.jpg,800,534,250,68,393,178
00000605.jpg,800,534,424,40,602,176
00003303.jpg,626,352,462,41,572,113
00003303.jpg,626,352,300,84,446,177
00003303.jpg,626,352,427,106,563,195
00003303.jpg,626,352,220,60,340,137
00001421.jpg,1600,1090,781,144,1177,458
00002653.jpg,1000,1500,434,146,755,706
00002659.jpg,1500,1371,783,728,970,926
00000008.jpg,1300,867,820,234,1016,387
00001981.jpg,1068,1700,381,177,676,711
00002944.jpg,533,800,217,161,349,392
00001578.jpg,1307,1960,381,505,678,1024
00002607.jpg,626,417,279,48,456,185
00002607.jpg,626,417,93,109,281,255
00002607.jpg,626,417,368,144,560,293
00002607.jpg,626,417,208,177,397,323
00002622.jpg,800,533,447,310,591,421
00002622.jpg,800,533,361,162,498,269
00002622.jpg,800,533,157,106,297,215
00000916.jpg,681,1024,323,20,404,159
00000430.jpg,800,800,278,165,380,283
00001011.jpg,390,280,132,23,269,139
00003361.jpg,1024,683,241,378,464,551
00003361.jpg,1024,683,639,115,839,268
00003361.jpg,1024,683,779,158,975,310
00003361.jpg,1024,683,474,333,684,495
00003361.jpg,1024,683,476,145,660,284
00003361.jpg,1024,683,211,207,407,360
00003361.jpg,1024,683,305,160,497,309
00003361.jpg,1024,683,826,312,1022,493
00003361.jpg,1024,683,1,348,192,514
00001739.jpg,1000,667,337,66,689,339
00002233.jpg,700,933,342,100,498,342
00001862.jpg,540,720,169,74,444,500
00002223.jpg,744,1116,217,205,566,801
00000803.jpg,1500,2250,613,575,1105,1415
00003069.jpg,1023,713,224,319,483,529
00003069.jpg,1023,713,62,302,276,472
00003069.jpg,1023,713,415,294,633,467
00003069.jpg,1023,713,566,314,749,460
00003069.jpg,1023,713,664,428,844,573
00003069.jpg,1023,713,722,315,993,539
00003069.jpg,1023,713,1,364,139,513
00003069.jpg,1023,713,859,328,1017,505
00001271.jpg,667,1000,305,170,373,289
00001281.jpg,1300,957,355,98,691,386
00000146.jpg,870,580,488,44,704,208
00001247.jpg,800,551,271,100,527,306
00001483.jpg,960,580,156,4,860,489
00002341.jpg,1000,624,387,316,571,446
00002303.jpg,2061,3000,515,452,1354,1874
00000754.jpg,768,1024,307,174,514,495
00001297.jpg,600,419,253,30,361,118
00001170.jpg,1300,957,431,138,797,452
00000774.jpg,736,1104,273,108,405,338
00001692.jpg,1300,975,617,106,889,343
00001692.jpg,1300,975,405,280,633,480
00003451.jpg,236,354,87,46,131,121
00002449.jpg,512,512,116,50,401,382
00002030.jpg,640,640,470,68,536,144
00002030.jpg,640,640,554,85,618,161
00002030.jpg,640,640,207,100,272,175
00002030.jpg,640,640,20,120,84,193
00002030.jpg,640,640,283,94,353,174
00002030.jpg,640,640,383,134,445,207
00002030.jpg,640,640,581,147,640,217
00002030.jpg,640,640,117,121,177,191
00002587.jpg,210,280,85,26,132,99
00000830.jpg,500,327,210,43,319,126
00003254.jpg,612,408,380,85,456,142
00003254.jpg,612,408,460,99,529,152
00002105.jpg,450,300,1,1,420,193
00001376.jpg,400,620,107,126,191,276
00002295.jpg,408,612,99,68,308,424
00000543.jpg,1620,1080,588,184,1193,653
00000543.jpg,1620,1080,105,304,552,659
00000447.jpg,390,280,159,58,230,118
00000447.jpg,390,280,302,66,352,109
00002132.jpg,1600,1167,553,46,942,383
00001379.jpg,1800,1200,460,113,844,411
00000496.jpg,682,1023,312,132,445,365
00003279.jpg,679,1024,254,401,334,542
00002822.jpg,1024,683,621,298,854,479
00002822.jpg,1024,683,389,304,589,460
00002822.jpg,1024,683,248,255,486,440
00002657.jpg,236,354,93,45,169,177
00000738.jpg,750,500,447,67,576,167
00000738.jpg,750,500,95,23,224,123
00000738.jpg,750,500,1,56,127,186
00000738.jpg,750,500,305,111,418,199
00002619.jpg,1024,683,780,114,980,269
00002619.jpg,1024,683,567,44,781,210
00002619.jpg,1024,683,464,96,629,227
00002052.jpg,1300,956,480,125,871,453
00001871.jpg,390,280,127,33,273,152
00000643.jpg,2121,1414,388,249,1039,755
00000643.jpg,2121,1414,835,208,1561,759
00000643.jpg,2121,1414,1211,407,1986,1008
00003354.jpg,900,900,414,61,569,242
00000159.jpg,1000,667,259,251,383,347
00000159.jpg,1000,667,442,153,583,262
00000159.jpg,1000,667,605,175,731,273
00000159.jpg,1000,667,385,254,533,369
00003269.jpg,612,415,131,118,300,251
00001320.jpg,682,1023,131,1,584,705
00000951.jpg,1356,1681,376,164,619,516
00001252.jpg,343,280,144,31,211,94
00001941.jpg,861,1300,311,43,576,508
00003191.jpg,500,333,174,69,331,191
00002651.jpg,750,500,287,198,447,320
00002651.jpg,750,500,187,169,370,311
00001696.jpg,390,280,205,22,290,93
00000794.jpg,512,512,97,1,500,430
00002023.jpg,1600,2000,927,554,1247,1030
00001301.jpg,385,280,55,38,168,134
00001535.jpg,333,519,149,1,307,277
00002663.jpg,650,488,79,83,275,254
00002663.jpg,650,488,342,78,638,337
00002573.jpg,960,720,562,151,780,346
00002573.jpg,960,720,151,154,258,247
00000917.jpg,2000,1375,820,306,1171,587
00002405.jpg,2048,1365,1266,105,1634,397
00003416.jpg,236,346,83,11,118,70
00003416.jpg,236,346,100,102,130,152
00002491.jpg,1200,940,558,83,832,327
00002491.jpg,1200,940,302,144,564,378
00001514.jpg,626,417,142,36,491,306
00001123.jpg,1800,1202,693,309,1038,577
00002624.jpg,612,408,151,98,263,183
00002938.jpg,550,309,21,29,278,205
00002938.jpg,550,309,251,1,424,110
00002938.jpg,550,309,239,89,381,182
00002938.jpg,550,309,412,40,548,215
00002692.jpg,970,646,446,104,911,464
00002692.jpg,970,646,69,64,575,448
00001481.jpg,650,433,169,61,344,197
00001061.jpg,2000,3000,582,222,1111,1164
00003326.jpg,375,500,286,122,326,184
00000031.jpg,434,650,170,328,222,418
00001601.jpg,800,534,504,107,638,212
00000466.jpg,600,400,318,129,392,188
00000831.jpg,800,450,154,7,685,362
00002201.jpg,1200,633,779,293,1148,519
00003132.jpg,1300,957,224,198,458,398
00003132.jpg,1300,957,631,222,836,397
00002472.jpg,640,468,177,154,282,243
00002472.jpg,640,468,406,144,523,244
00001312.jpg,1001,1600,424,366,683,837
00000011.jpg,4256,2832,1481,830,2110,1317
00000519.jpg,1000,667,220,57,579,336
00000519.jpg,1000,667,357,112,724,397
00000519.jpg,1000,667,750,109,1000,377
00000519.jpg,1000,667,4,71,318,408
00000413.jpg,1058,1600,379,272,545,565
00001460.jpg,670,450,218,10,475,210
00001391.jpg,450,288,144,15,190,50
00003183.jpg,960,481,579,76,960,325
00003183.jpg,960,481,41,82,499,354
00001501.jpg,1200,1800,473,208,616,457
00000411.jpg,1080,1350,481,441,615,632
00001762.jpg,722,1390,322,179,435,434
00001540.jpg,1600,1087,696,221,1310,706
00000272.jpg,399,620,148,93,198,184
00001360.jpg,2000,1333,756,102,1262,503
00003103.jpg,1200,628,80,46,538,324
00003103.jpg,1200,628,829,222,1026,342
00002602.jpg,800,533,435,113,606,245
00000737.jpg,662,576,147,25,221,99
00000737.jpg,662,576,138,118,220,201
00000737.jpg,662,576,511,137,580,206
00000737.jpg,662,576,537,220,602,286
00000737.jpg,662,576,6,48,75,118
00000737.jpg,662,576,43,106,113,179
00000737.jpg,662,576,277,56,340,121
00000737.jpg,662,576,377,88,438,149
00000737.jpg,662,576,433,98,501,166
00003477.jpg,235,176,132,52,182,95
00003477.jpg,235,176,47,50,96,93
00003477.jpg,235,176,78,45,131,90
00002011.jpg,1600,1068,463,100,790,360
00001403.jpg,700,1050,263,189,419,461
00001381.jpg,2000,1333,822,107,1308,484
00002000.jpg,640,360,146,42,376,193
00002000.jpg,640,360,386,80,563,198
00001129.jpg,626,417,277,56,458,196
00001341.jpg,1600,1157,627,129,868,332
00001332.jpg,600,620,237,2,376,167
00001468.jpg,600,419,276,55,589,309
00001267.jpg,500,749,198,174,298,344
00002224.jpg,1000,777,647,150,733,227
00002803.jpg,868,1300,358,128,528,424
00001215.jpg,1001,1600,437,143,548,350
00002273.jpg,1000,838,302,142,603,435
00002707.jpg,500,333,188,35,402,200
00002825.jpg,1280,853,608,126,763,249
00000933.jpg,683,1024,232,122,362,350
00002782.jpg,608,406,169,30,231,79
00000847.jpg,4083,5104,1541,1215,2412,2456
00001668.jpg,626,417,245,45,373,144
00002258.jpg,910,607,6,1,910,594
00000726.jpg,1300,956,533,39,811,271
00000726.jpg,1300,956,229,315,545,586
00000726.jpg,1300,956,483,309,779,563
00000726.jpg,1300,956,618,512,927,771
00000726.jpg,1300,956,750,329,1086,617
00000726.jpg,1300,956,728,166,924,334
00001782.jpg,600,398,272,47,529,245
00002098.jpg,281,519,109,4,167,131
00002726.jpg,650,969,507,159,575,276
00002726.jpg,650,969,406,81,476,198
00002726.jpg,650,969,470,277,531,385
00000203.jpg,667,1000,292,4,619,573
00000203.jpg,667,1000,96,124,382,611
00000203.jpg,667,1000,190,45,517,579
00002836.jpg,1300,956,460,176,640,330
00001613.jpg,736,736,259,123,434,327
00002387.jpg,388,480,162,76,287,255
00000153.jpg,1500,844,1034,77,1327,269
00000153.jpg,1500,844,155,56,442,248
00002701.jpg,1000,714,239,171,498,382
00002701.jpg,1000,714,353,147,606,357
00001747.jpg,1600,1167,414,23,916,450
00001975.jpg,1000,667,381,57,657,271
00000858.jpg,1600,1157,369,183,689,452
00002045.jpg,1500,1000,1191,257,1497,559
00002045.jpg,1500,1000,231,51,398,183
00002045.jpg,1500,1000,105,133,265,257
00002045.jpg,1500,1000,500,97,663,224
00002045.jpg,1500,1000,490,394,680,542
00002045.jpg,1500,1000,317,358,477,482
00000976.jpg,1202,1800,332,499,572,927
00001192.jpg,1300,957,632,210,998,524
00000802.jpg,682,1024,253,85,329,218
00000119.jpg,698,1050,270,192,348,325
00002180.jpg,1300,971,586,225,782,392
00003444.jpg,800,800,400,203,590,425
00003212.jpg,800,800,259,278,518,579
00002621.jpg,1050,700,237,151,425,297
00002621.jpg,1050,700,423,170,624,326
00003463.jpg,550,366,104,24,366,231
00002990.jpg,1300,996,703,279,845,406
00002706.jpg,612,408,163,123,291,222
00002706.jpg,612,408,223,51,356,152
00002706.jpg,612,408,50,122,204,242
00002706.jpg,612,408,281,6,418,112
00002706.jpg,612,408,278,189,412,292
00003393.jpg,800,800,250,103,376,250
00001633.jpg,1066,1689,321,138,670,769
00001893.jpg,875,1390,385,99,712,690
00001307.jpg,1000,667,403,47,691,266
00001922.jpg,1000,667,383,39,587,198
00001564.jpg,866,1390,327,83,599,580
00001740.jpg,1470,980,359,254,896,671
00001028.jpg,1000,667,295,123,704,440
00002594.jpg,650,975,286,154,382,325
00001843.jpg,682,1024,254,75,438,397
00000204.jpg,300,470,128,70,163,134
00001855.jpg,683,1024,320,100,395,230
00001737.jpg,1024,774,435,52,689,271
00003083.jpg,1000,1500,379,207,490,402
00000571.jpg,626,417,231,179,393,304
00001302.jpg,800,532,101,91,458,367
00002715.jpg,1200,1200,744,244,880,403
00002715.jpg,1200,1200,619,101,800,308
00002715.jpg,1200,1200,431,107,583,284
00002715.jpg,1200,1200,482,396,610,545
00000943.jpg,533,800,167,12,428,458
00001591.jpg,390,280,129,22,236,112
00001811.jpg,907,1390,221,267,461,694
00000814.jpg,900,600,468,64,769,298
00003168.jpg,1300,957,463,114,673,290
00001848.jpg,1300,947,480,81,770,327
00002800.jpg,1500,1000,106,38,609,428
00002800.jpg,1500,1000,896,22,1435,441
00002800.jpg,1500,1000,414,276,794,570
00002800.jpg,1500,1000,3,335,435,685
00000833.jpg,533,849,159,133,275,349
00002002.jpg,1300,956,152,2,996,535
00001976.jpg,350,263,58,40,141,113
00002066.jpg,1500,1120,509,16,897,353
00001108.jpg,600,419,181,11,312,117
00002140.jpg,1001,1600,363,235,521,523
00002358.jpg,637,960,377,58,478,234
00001012.jpg,1000,1500,431,435,627,784
00001929.jpg,600,900,126,46,288,328
00002074.jpg,608,406,278,47,461,189
00001092.jpg,600,420,277,48,466,199
00003436.jpg,612,408,249,95,394,208
00003219.jpg,866,1390,302,281,657,943
00001991.jpg,1116,1600,220,1,883,993
00001810.jpg,408,612,127,15,264,253
00002615.jpg,1024,682,346,184,501,304
00002745.jpg,1024,683,142,223,431,447
00002745.jpg,1024,683,588,152,877,376
00002745.jpg,1024,683,379,187,674,411
00003295.jpg,612,361,356,65,575,219
00003295.jpg,612,361,15,35,240,190
00003295.jpg,612,361,119,46,368,213
00003295.jpg,612,361,253,142,433,266
00001904.jpg,866,1390,96,107,517,878
00001622.jpg,866,1300,388,317,491,496
00003046.jpg,533,800,258,252,340,396
00003046.jpg,533,800,352,350,412,456
00003046.jpg,533,800,217,179,279,288
00003046.jpg,533,800,266,81,326,184
00002062.jpg,800,561,211,69,677,449
00002798.jpg,1000,667,106,332,264,454
00002798.jpg,1000,667,577,288,735,410
00002798.jpg,1000,667,405,316,550,428
00002798.jpg,1000,667,263,334,390,435
00002798.jpg,1000,667,764,322,918,442
00002168.jpg,1000,792,271,18,439,173
00002168.jpg,1000,792,627,39,788,187
00002168.jpg,1000,792,493,250,617,362
00000677.jpg,678,446,205,146,344,254
00000677.jpg,678,446,383,158,537,276
00001605.jpg,2940,1960,1030,144,1672,641
00002044.jpg,1300,957,846,98,1015,242
00002743.jpg,900,596,289,79,508,248
00001924.jpg,360,254,89,14,273,165
00003384.jpg,1333,2000,539,550,759,933
00000005.jpg,1300,957,811,171,976,313
00002181.jpg,470,627,197,55,289,198
00002084.jpg,600,420,232,11,368,122
00000396.jpg,600,400,148,61,377,242
00001306.jpg,600,419,153,36,382,226
00002723.jpg,1000,1500,231,175,641,874
00002714.jpg,390,280,97,26,292,189
00000702.jpg,736,736,368,275,477,399
00000702.jpg,736,736,469,277,580,406
00000702.jpg,736,736,257,285,359,403
00000702.jpg,736,736,151,358,278,505
00000702.jpg,736,736,287,194,366,288
00001637.jpg,1307,1960,499,570,778,1047
00001665.jpg,1000,667,413,90,645,267
00001008.jpg,1000,667,364,34,611,226
00000095.jpg,612,408,159,1,457,220
00003283.jpg,800,533,388,71,526,178
00001433.jpg,866,1300,341,111,510,407
00000589.jpg,590,433,53,30,112,81
00000589.jpg,590,433,360,29,414,75
00000589.jpg,590,433,478,48,533,95
00001856.jpg,364,280,1,1,276,138
00000619.jpg,1024,683,157,257,416,458
00000619.jpg,1024,683,255,122,435,261
00000619.jpg,1024,683,363,230,559,383
00003036.jpg,1200,800,350,118,829,489
00003200.jpg,495,639,287,182,346,270
00003074.jpg,1600,1154,350,280,540,436
00001347.jpg,861,1300,389,76,519,304
00001052.jpg,500,813,181,9,372,370
00000935.jpg,1232,821,491,177,754,386
00001395.jpg,1000,667,189,1,1000,665
00002325.jpg,1500,1101,617,108,1049,477
00002085.jpg,600,900,271,61,344,186
00001805.jpg,1300,956,543,75,926,402
00001635.jpg,407,612,166,88,269,268
00002143.jpg,612,408,255,38,495,224
00002872.jpg,510,340,31,65,382,331
00001193.jpg,800,582,133,88,384,301
00000055.jpg,750,1050,343,1,451,160
00002989.jpg,1707,2560,669,652,1130,1457
00001357.jpg,866,1300,188,266,280,428
00001357.jpg,866,1300,562,388,661,560
00001470.jpg,1365,2048,483,495,1067,1514
00002565.jpg,1267,712,241,40,963,513
00000364.jpg,400,600,190,88,234,164
00001371.jpg,910,1213,154,70,715,941
00001542.jpg,2269,1960,1689,251,1921,489
00000645.jpg,590,393,299,109,422,202
00000645.jpg,590,393,400,118,508,200
00000645.jpg,590,393,349,65,442,137
00000645.jpg,590,393,200,82,329,182
00000645.jpg,590,393,466,76,559,148
00002983.jpg,1200,939,435,149,553,254
00002983.jpg,1200,939,315,146,418,237
00001785.jpg,1300,929,1,1,1053,498
00003302.jpg,1600,1600,567,278,947,712
00003012.jpg,510,340,56,50,409,318
00002311.jpg,559,800,181,183,364,482
00002652.jpg,632,994,414,129,505,297
00003173.jpg,612,408,313,45,509,198
00002525.jpg,1200,800,99,46,839,621
00002524.jpg,700,906,141,27,648,791
00003072.jpg,612,408,220,78,351,179
00003072.jpg,612,408,94,151,182,220
00001228.jpg,390,280,208,12,339,121
00003364.jpg,736,917,378,92,501,267
00002628.jpg,601,900,362,123,449,274
00002628.jpg,601,900,247,157,330,302
00002240.jpg,2000,1333,405,188,933,598
00001095.jpg,600,398,191,3,589,284
00003385.jpg,736,689,248,52,377,193
00003385.jpg,736,689,307,185,436,323
00003385.jpg,736,689,366,421,484,550
00003385.jpg,736,689,235,226,337,337
00003385.jpg,736,689,451,293,546,395
00000997.jpg,699,1050,254,24,394,263
00001442.jpg,460,374,106,1,445,262
00000856.jpg,683,1023,257,193,324,307
00002096.jpg,600,420,221,37,377,163
00000194.jpg,866,1390,366,265,518,549
00002244.jpg,400,600,152,67,316,352
00001724.jpg,407,612,93,99,283,423
00003220.jpg,500,333,237,82,293,125
00001678.jpg,450,319,188,46,269,112
00000989.jpg,1000,667,422,102,868,448
00002986.jpg,960,640,4,111,142,219
00002986.jpg,960,640,187,253,379,402
00002986.jpg,960,640,671,4,843,134
00002986.jpg,960,640,524,155,663,263
00002986.jpg,960,640,796,89,950,209
00003230.jpg,2000,1331,1039,271,1466,601
00002758.jpg,488,488,104,31,242,188
00003102.jpg,612,408,299,240,413,329
00003102.jpg,612,408,147,206,252,287
00003102.jpg,612,408,282,130,378,205
00003102.jpg,612,408,221,52,311,122
00003102.jpg,612,408,111,65,202,135
00003102.jpg,612,408,190,140,298,223
00001180.jpg,417,626,46,47,255,412
00002563.jpg,1280,855,444,13,804,294
00002563.jpg,1280,855,700,247,1060,528
00002730.jpg,1024,681,567,137,795,313
00000798.jpg,970,1455,327,1,619,494
00002231.jpg,900,680,688,23,821,140
00002231.jpg,900,680,67,206,172,298
00002231.jpg,900,680,540,24,657,127
00002231.jpg,900,680,204,104,313,201
00002231.jpg,900,680,354,55,469,155
00001089.jpg,1000,667,207,39,477,248
00001939.jpg,612,424,195,57,383,209
00002889.jpg,1024,683,86,1,811,499
00001411.jpg,612,329,267,79,483,213
00001323.jpg,391,280,137,21,247,113
00001703.jpg,2770,1960,984,80,1562,557
00002024.jpg,612,436,189,17,423,214
00000521.jpg,1184,790,684,112,1145,470
00000521.jpg,1184,790,330,234,744,562
00000521.jpg,1184,790,456,51,756,283
00000521.jpg,1184,790,9,136,461,494
00000521.jpg,1184,790,226,1,539,223
00002043.jpg,626,417,195,37,332,142
00002136.jpg,480,320,89,5,201,90
00002136.jpg,480,320,283,107,399,198
00000783.jpg,957,1300,380,199,499,387
00002683.jpg,792,1024,484,194,599,366
00002683.jpg,792,1024,330,192,450,368
00000553.jpg,800,582,202,40,418,223
00000553.jpg,800,582,350,80,571,263
00000553.jpg,800,582,442,71,658,254
00000012.jpg,600,400,183,73,402,243
00002511.jpg,1300,957,454,204,642,368
00001184.jpg,1024,683,350,131,538,277
00002121.jpg,359,254,74,17,156,84
00001776.jpg,591,519,259,26,352,122
00002466.jpg,1024,682,126,80,478,353
00001119.jpg,400,600,133,1,238,176
00000985.jpg,2000,3000,938,338,1540,1388
00002826.jpg,1300,956,581,89,947,403
00001686.jpg,559,309,110,5,497,254
00001402.jpg,2940,1960,1012,103,1319,336
00001402.jpg,2940,1960,1546,184,1828,402
00001674.jpg,1300,956,486,81,764,319
00002211.jpg,1300,956,202,64,1156,862
00000208.jpg,773,580,162,79,252,158
00001186.jpg,1500,1143,616,97,903,351
00000058.jpg,2000,1268,707,292,1259,690
00000058.jpg,2000,1268,511,336,1039,718
00001594.jpg,683,1024,260,216,373,408
00002941.jpg,464,700,141,261,224,407
00001581.jpg,656,1024,288,142,440,420
00000903.jpg,2936,1960,1061,464,1803,1041
00002269.jpg,1280,720,515,19,1276,625
00000026.jpg,1600,1158,258,300,783,742
00000026.jpg,1600,1158,693,241,1256,715
00003489.jpg,222,288,117,46,152,99
00001815.jpg,333,519,135,25,189,120
00000088.jpg,3456,5184,1372,715,2048,1871
00000584.jpg,6000,3887,2014,1076,2654,1559
00002851.jpg,1400,788,69,140,816,630
00001319.jpg,333,519,145,46,220,180
00000618.jpg,800,582,62,11,313,224
00000618.jpg,800,582,241,71,509,298
00003368.jpg,1376,2000,782,231,949,520
00003116.jpg,1280,854,433,277,673,459
00001821.jpg,1024,683,238,18,707,383
00002151.jpg,320,405,115,116,182,212
00001048.jpg,1000,1250,458,390,634,646
00000099.jpg,950,1300,334,349,501,609
00000099.jpg,950,1300,582,471,732,705
00000099.jpg,950,1300,314,119,461,348
00001390.jpg,334,519,153,38,231,176
00000233.jpg,1300,1300,549,628,787,906
00001850.jpg,596,900,272,182,334,291
00000168.jpg,1000,667,228,12,906,527
00000448.jpg,650,433,528,192,624,266
00000448.jpg,650,433,176,177,250,235
00000448.jpg,650,433,242,120,318,178
00001530.jpg,467,635,153,1,284,184
00003206.jpg,600,400,212,94,299,162
00003206.jpg,600,400,310,87,401,156
00003206.jpg,600,400,408,104,497,172
00003406.jpg,800,800,518,510,671,688
00003406.jpg,800,800,151,68,329,276
00003406.jpg,800,800,544,53,700,236
00003406.jpg,800,800,135,473,295,660
00003065.jpg,1300,851,272,160,1013,736
00001753.jpg,976,1300,532,97,651,281
00002205.jpg,861,1390,368,67,464,247
00003492.jpg,236,354,101,26,145,103
00002446.jpg,900,602,499,80,611,167
00001852.jpg,1000,563,7,1,1000,561
00002448.jpg,1000,750,111,95,338,289
00002448.jpg,1000,750,463,33,808,334
00002875.jpg,360,254,128,31,228,112
00000489.jpg,750,1127,371,329,489,536
00003225.jpg,389,280,149,98,191,132
00003225.jpg,389,280,251,112,291,146
00000864.jpg,970,776,155,104,487,407
00000580.jpg,2937,1960,1438,67,2401,832
00000580.jpg,2937,1960,720,499,2003,1496
00000580.jpg,2937,1960,628,45,1404,661
00000580.jpg,2937,1960,4,253,1010,1162
00000580.jpg,2937,1960,2046,9,2937,1096
00000755.jpg,800,533,253,42,539,264
00001081.jpg,509,339,193,33,319,131
00001435.jpg,1300,821,186,1,1049,572
00000930.jpg,800,533,153,35,306,154
00001658.jpg,1300,956,443,131,834,458
00002842.jpg,480,360,157,13,255,96
00002842.jpg,480,360,255,26,344,103
00002842.jpg,480,360,70,92,149,163
00002842.jpg,480,360,332,63,406,127
00002842.jpg,480,360,214,116,288,180
00000549.jpg,626,415,90,148,229,256
00000549.jpg,626,415,348,169,517,299
00000549.jpg,626,415,203,144,364,266
00000549.jpg,626,415,432,120,624,289
00002031.jpg,2000,1333,645,66,1500,744
00002081.jpg,1500,2123,641,146,887,553
00002246.jpg,590,394,143,1,430,216
00001611.jpg,1024,683,433,33,682,226
00003293.jpg,736,981,188,170,309,354
00000136.jpg,1600,1168,603,81,1272,650
00001162.jpg,1000,569,381,77,614,231
00003020.jpg,414,230,160,96,255,157
00000959.jpg,1125,1500,248,174,904,1169
00001554.jpg,626,417,363,56,532,187
00001599.jpg,333,519,109,46,203,216
00003138.jpg,508,339,207,72,444,260
00002239.jpg,1000,667,609,95,897,318
00002239.jpg,1000,667,385,163,613,340
00002239.jpg,1000,667,87,91,351,292
00000551.jpg,900,599,337,120,673,380
00000551.jpg,900,599,145,100,476,367
00000551.jpg,900,599,313,1,584,171
00000551.jpg,900,599,580,1,862,167
00000551.jpg,900,599,56,53,409,327
00001203.jpg,333,519,158,68,223,187
00001477.jpg,4000,6000,1247,517,2503,2710
00001239.jpg,866,1390,413,293,507,473
00002763.jpg,605,756,287,107,344,189
00002763.jpg,605,756,130,306,190,392
00001383.jpg,1000,1500,312,49,778,863
00002263.jpg,2560,1627,192,646,447,835
00000948.jpg,800,582,170,82,327,215
00000948.jpg,800,582,329,72,469,189
00000948.jpg,800,582,523,121,670,245
00001339.jpg,600,419,218,21,331,111
00001329.jpg,600,420,139,1,276,56
00001085.jpg,1600,1000,339,1,1378,629
00003472.jpg,236,140,27,1,169,99
00003472.jpg,236,140,91,1,235,105
00000995.jpg,800,534,92,16,313,188
00001409.jpg,800,582,357,126,450,205
00001718.jpg,398,600,149,66,225,200
00003233.jpg,800,800,337,197,475,357
00002069.jpg,1500,1203,1,47,683,728
00000114.jpg,600,900,127,29,267,268
00000300.jpg,1000,667,185,165,339,284
00000300.jpg,1000,667,525,272,644,364
00003187.jpg,510,340,97,62,186,132
00003187.jpg,510,340,390,118,444,160
00003187.jpg,510,340,257,193,331,250
00001726.jpg,1000,667,447,75,735,298
00002477.jpg,1000,1268,639,33,819,298
00002477.jpg,1000,1268,218,303,418,598
00002089.jpg,370,280,203,22,285,95
00003413.jpg,626,445,126,126,241,221
00003413.jpg,626,445,254,133,361,222
00003413.jpg,626,445,196,57,306,148
00003413.jpg,626,445,315,72,432,169
00003413.jpg,626,445,460,159,574,254
00000162.jpg,400,280,214,50,313,131
00003296.jpg,612,408,238,177,411,311
00003296.jpg,612,408,80,65,245,190
00003296.jpg,612,408,136,78,291,201
00003296.jpg,612,408,408,103,612,285
00003038.jpg,612,407,324,72,470,187
00003038.jpg,612,407,33,86,182,201
00001132.jpg,450,347,205,56,369,207
00001066.jpg,1068,1700,382,203,574,551
00001164.jpg,1600,1156,1055,92,1222,236
00000303.jpg,389,280,102,103,238,219
00000303.jpg,389,280,205,51,347,170
00001868.jpg,590,393,356,91,505,204
00003306.jpg,779,900,155,187,671,867
00003457.jpg,236,354,95,53,148,145
00001874.jpg,233,350,84,5,193,195
00001921.jpg,1300,956,372,57,847,464
00000094.jpg,1024,682,402,26,685,245
00002046.jpg,1500,1120,490,96,904,455
00003077.jpg,332,519,53,121,88,184
00003077.jpg,332,519,220,101,254,163
00003077.jpg,332,519,93,171,130,238
00002710.jpg,1300,957,751,90,979,285
00002710.jpg,1300,957,259,373,503,582
00002710.jpg,1300,957,528,336,777,549
00002710.jpg,1300,957,181,1,435,195
00002710.jpg,1300,957,344,25,598,243
00000219.jpg,681,1023,253,107,324,228
00003177.jpg,150,150,48,1,98,48
00001886.jpg,612,612,204,22,392,241
00002037.jpg,612,408,81,25,265,168
00003410.jpg,338,508,156,59,240,205
00001600.jpg,1333,2000,322,42,1097,1396
00002926.jpg,650,895,568,168,635,272
00002101.jpg,1000,667,381,267,535,386
00002101.jpg,1000,667,530,146,698,277
00002462.jpg,385,280,187,35,298,129
00003287.jpg,500,500,116,44,198,139
00003287.jpg,500,500,255,27,337,121
00000963.jpg,800,582,230,73,707,477
00001960.jpg,1300,861,661,159,1087,488
00001587.jpg,2325,3500,1142,862,1516,1519
00001001.jpg,800,582,301,57,487,215
00000154.jpg,626,398,345,91,465,179
00001195.jpg,1300,866,215,70,566,342
00003154.jpg,612,408,313,45,509,198
00000380.jpg,1500,1000,452,100,1265,717
00001595.jpg,1000,854,367,54,615,300
00001820.jpg,1300,950,481,24,899,378
00001152.jpg,1257,1300,524,171,731,421
00001443.jpg,1600,1155,866,59,1147,295
00003010.jpg,382,287,16,1,381,286
00001680.jpg,600,419,245,43,358,134
00002540.jpg,276,340,71,62,172,206
00002281.jpg,504,650,183,93,328,307
00002988.jpg,321,254,126,75,209,151
00002932.jpg,2000,1334,673,79,1081,403
00002932.jpg,2000,1334,674,553,1074,863
00002419.jpg,660,440,283,206,421,313
00003433.jpg,236,354,78,61,123,140
00000837.jpg,400,191,8,1,251,139
00002360.jpg,381,600,150,131,207,234
00001436.jpg,1333,2000,516,249,839,825
00001768.jpg,1024,683,359,198,654,426
00000127.jpg,458,700,192,325,238,408
00003357.jpg,844,1390,139,146,308,470
00001398.jpg,1300,1062,272,49,1013,737
00000761.jpg,236,354,101,7,131,59
00001788.jpg,509,339,182,38,349,167
00002680.jpg,2500,1831,409,519,919,954
00001651.jpg,333,519,114,145,164,236
00002497.jpg,400,264,205,34,358,152
00003365.jpg,800,800,311,27,440,177
00003365.jpg,800,800,407,544,525,679
00000275.jpg,600,600,229,70,342,199
00002483.jpg,750,500,174,55,315,162
00002359.jpg,300,350,173,18,241,108
00000518.jpg,400,211,87,93,198,159
00002777.jpg,1024,683,379,131,715,392
00001440.jpg,3850,2567,1204,564,2289,1406
00000283.jpg,1272,1960,485,280,607,498
00001260.jpg,867,1390,282,83,543,559
00001459.jpg,612,485,257,116,377,226
00000875.jpg,800,582,513,153,711,321
00002415.jpg,500,280,121,1,499,259
00002280.jpg,1000,750,593,62,846,283
00001431.jpg,1000,667,428,153,661,334
00002960.jpg,1200,900,734,202,940,382
00003314.jpg,1335,2000,769,297,1197,1044
00002306.jpg,700,933,345,69,538,368
00000894.jpg,1428,2000,315,82,1165,1438
00000545.jpg,1200,800,743,26,1047,261
00000545.jpg,1200,800,315,90,577,293
00000704.jpg,612,387,114,87,276,203
00000704.jpg,612,387,278,110,507,278
00000704.jpg,612,387,339,47,449,126
00000704.jpg,612,387,113,42,206,110
00000704.jpg,612,387,265,38,364,111
00000807.jpg,1800,1202,816,199,1192,491
00000623.jpg,2000,1333,1121,416,1697,863
00000623.jpg,2000,1333,1015,213,1441,544
00000623.jpg,2000,1333,202,409,887,941
00000623.jpg,2000,1333,748,467,1300,904
00000623.jpg,2000,1333,1496,111,1905,428
00000441.jpg,1600,1168,373,4,1191,683
00001236.jpg,600,900,179,18,356,326
00002639.jpg,1500,1219,842,341,980,469
00001883.jpg,390,280,153,14,281,120
00000107.jpg,2000,1335,775,364,998,537
00002141.jpg,174,238,82,44,117,101
00002314.jpg,448,600,272,143,324,225
00002314.jpg,448,600,150,151,202,233
00001446.jpg,590,885,236,55,399,339
00003104.jpg,511,340,64,1,423,260
00001045.jpg,450,315,159,26,355,190
00003123.jpg,538,700,123,159,174,237
00003333.jpg,255,340,81,66,125,134
00003148.jpg,390,280,125,25,299,170
00002022.jpg,1440,810,463,48,978,393
00003152.jpg,800,533,382,60,633,254
00003152.jpg,800,533,199,112,415,280
00002349.jpg,612,408,163,44,364,203
00002318.jpg,1728,1075,519,81,681,198
00002318.jpg,1728,1075,1134,234,1311,361
00003456.jpg,236,337,80,257,117,319
00002433.jpg,2000,2000,1138,294,1392,583
00000480.jpg,800,600,330,132,592,361
00001109.jpg,800,533,312,46,494,190
00002966.jpg,660,367,214,102,287,150
00002966.jpg,660,367,332,24,414,77
00001824.jpg,600,495,309,31,398,116
00003276.jpg,681,1024,284,81,439,347
00001219.jpg,333,519,136,110,185,200
00001492.jpg,880,660,531,171,719,331
00001492.jpg,880,660,132,163,301,310
00001492.jpg,880,660,334,38,466,154
00000560.jpg,1500,1001,769,81,1271,464
00000560.jpg,1500,1001,335,244,1082,810
00000560.jpg,1500,1001,417,50,814,351
00000560.jpg,1500,1001,1,22,477,497
00000560.jpg,1500,1001,1038,61,1499,590
00003397.jpg,417,626,178,131,271,294
00001550.jpg,683,1024,294,37,377,182
00000682.jpg,640,860,301,220,413,396
00000682.jpg,640,860,477,387,587,559
00000682.jpg,640,860,285,401,400,580
00000682.jpg,640,860,55,221,192,439
00001007.jpg,683,1024,276,168,393,373
00002351.jpg,800,534,387,128,510,224
00000400.jpg,600,400,148,61,377,242
00001532.jpg,500,750,195,175,327,406
00002566.jpg,680,1019,306,113,383,251
00001984.jpg,509,339,240,54,453,222
00002403.jpg,313,512,70,12,172,203
00001860.jpg,360,254,99,11,270,152
00001254.jpg,1300,731,532,65,804,239
00003452.jpg,236,354,86,87,116,140
00003261.jpg,612,408,286,57,495,220
00001041.jpg,867,1390,191,183,343,467
00002204.jpg,626,417,207,45,423,212
00001133.jpg,533,849,199,1,370,304
00000165.jpg,681,1024,260,202,483,584
00001358.jpg,1300,956,406,84,861,473
00000582.jpg,1200,675,314,366,599,553
00000075.jpg,1000,597,52,7,634,402
00002755.jpg,994,663,603,222,816,387
00002102.jpg,1000,667,501,47,866,331
00001465.jpg,2048,1365,864,159,1480,637
00000504.jpg,1500,1101,221,244,453,442
00000504.jpg,1500,1101,399,384,680,619
00000504.jpg,1500,1101,824,364,1087,584
00000504.jpg,1500,1101,515,201,741,394
00000504.jpg,1500,1101,579,379,854,609
00000504.jpg,1500,1101,739,238,933,404
00000504.jpg,1500,1101,1008,241,1239,438
00000135.jpg,3689,5515,1669,1285,2226,2254
00000135.jpg,3689,5515,1022,1365,1533,2253
00002142.jpg,1200,675,705,100,911,235
00002142.jpg,1200,675,149,4,459,207
00002142.jpg,1200,675,433,26,695,197
00000834.jpg,1000,635,220,11,790,431
00003203.jpg,612,408,299,240,413,329
00003203.jpg,612,408,147,206,252,287
00003203.jpg,612,408,282,130,378,205
00003203.jpg,612,408,221,52,311,122
00003203.jpg,612,408,111,65,202,135
00003203.jpg,612,408,190,140,298,223
00003262.jpg,681,1024,284,81,439,347
00000115.jpg,1024,683,267,132,472,291
00002057.jpg,683,1024,387,97,513,311
00000947.jpg,682,1024,317,139,382,253
00001892.jpg,866,1300,494,32,679,348
00000832.jpg,590,887,253,34,371,236
00000485.jpg,576,768,333,156,393,249
00001589.jpg,867,1300,408,196,509,372
00001266.jpg,612,419,146,39,465,293
00002588.jpg,1024,1024,540,115,892,517
00002588.jpg,1024,1024,247,383,542,719
00001333.jpg,1000,667,602,67,835,248
00001199.jpg,390,280,129,31,289,167
00001721.jpg,600,421,344,156,408,209
00001208.jpg,600,900,350,106,415,220
00001958.jpg,400,326,101,16,272,182
00001910.jpg,598,900,171,70,426,518
00003043.jpg,500,333,193,56,371,194
00001752.jpg,1061,1300,414,92,600,352
00001487.jpg,400,620,158,52,241,203
00001441.jpg,1470,980,496,62,938,405
00003052.jpg,280,370,84,73,129,143
00003052.jpg,280,370,152,79,198,150
00001348.jpg,1600,1167,961,67,1132,212
00002756.jpg,1600,1157,68,15,409,302
00002756.jpg,1600,1157,338,354,672,635
00002756.jpg,1600,1157,826,215,1153,484
00002756.jpg,1600,1157,1105,92,1462,392
00002756.jpg,1600,1157,606,483,986,804
00002596.jpg,960,641,248,143,658,462
00002059.jpg,408,612,116,73,250,306
00003426.jpg,236,306,177,169,213,224
00001628.jpg,2000,1333,884,121,1390,514
00001772.jpg,1335,2000,553,143,832,629
00003263.jpg,800,533,388,71,526,178
00000939.jpg,960,678,515,37,615,117
00000097.jpg,4256,2832,2214,752,2962,1331
00002937.jpg,612,408,205,57,310,138
00002937.jpg,612,408,140,96,204,145
00002937.jpg,612,408,491,76,561,130
00001661.jpg,600,387,213,153,423,307
00000993.jpg,1024,682,501,86,844,347
00000993.jpg,1024,682,146,110,489,376
00001482.jpg,770,513,254,21,467,190
00001482.jpg,770,513,497,147,692,298
00000362.jpg,1300,867,513,64,1057,495
00002956.jpg,497,347,174,58,321,176
00002118.jpg,1200,799,134,128,817,658
00002767.jpg,900,600,240,36,864,531
00000973.jpg,1600,1168,530,99,1066,555
00003473.jpg,236,354,61,99,111,187
00003473.jpg,236,354,126,15,163,79
00002667.jpg,600,419,257,65,445,218
00001479.jpg,1600,1167,708,81,971,310
00001423.jpg,1067,1700,540,180,672,425
00002953.jpg,844,1023,531,116,638,267
00001655.jpg,800,533,317,101,568,291
00001543.jpg,1001,1600,237,72,465,496
00002019.jpg,600,419,191,29,306,122
00002019.jpg,600,419,338,40,433,116
00001355.jpg,1600,1167,335,1,1148,671
00001365.jpg,600,419,237,80,360,178
00002547.jpg,1300,1051,651,324,1198,838
00000472.jpg,1200,630,521,195,782,355
00002776.jpg,2500,1667,1552,237,1972,563
00002776.jpg,2500,1667,1199,703,1517,944
00001758.jpg,718,1024,308,46,390,182
00000182.jpg,1024,681,583,128,859,342
00001547.jpg,1300,956,606,77,942,364
00002163.jpg,918,1390,372,133,609,551
00001634.jpg,500,333,205,36,322,129
00002600.jpg,570,778,274,1,343,100
00002600.jpg,570,778,9,105,109,268
00002051.jpg,345,520,149,66,207,167
00000983.jpg,866,1390,431,78,564,328
00003467.jpg,236,157,44,29,112,83
00003467.jpg,236,157,117,29,187,84
00001158.jpg,533,849,199,1,370,304
00001083.jpg,673,1024,241,77,548,620
00002878.jpg,736,489,298,186,449,302
00001571.jpg,2693,3914,880,606,1507,1666
00000479.jpg,565,321,485,164,565,223
00000779.jpg,1600,1168,315,155,672,465
00000061.jpg,339,508,194,97,239,176
00001971.jpg,1300,956,513,14,773,236
00002654.jpg,900,600,339,105,898,539
00001305.jpg,1300,866,273,146,501,324
00001305.jpg,1300,866,475,223,699,397
00001305.jpg,1300,866,574,84,802,265
00001389.jpg,736,863,242,41,600,530
00002456.jpg,629,472,104,229,174,288
00001629.jpg,450,319,188,46,269,112
00001609.jpg,1300,956,777,322,981,494
00001685.jpg,518,612,213,114,285,213
00003517.jpg,236,236,81,40,160,132
00003517.jpg,236,236,162,71,215,134
00003517.jpg,236,236,36,14,104,92
00003517.jpg,236,236,88,122,127,169
00002038.jpg,1024,781,335,44,763,424
00002038.jpg,1024,781,102,211,523,585
00000729.jpg,980,980,518,532,682,724
00000729.jpg,980,980,237,495,432,723
00000729.jpg,980,980,689,633,862,829
00000729.jpg,980,980,558,331,746,549
00000729.jpg,980,980,391,417,566,617
00000729.jpg,980,980,770,497,965,721
00000729.jpg,980,980,699,397,867,593
00000729.jpg,980,980,80,360,304,620
00002604.jpg,1300,956,496,89,923,454
00002940.jpg,1062,1092,386,360,481,474
00002940.jpg,1062,1092,574,361,678,488
00001168.jpg,866,1300,313,123,498,445
00003379.jpg,612,408,93,255,226,358
00003379.jpg,612,408,428,20,593,148
00003379.jpg,612,408,232,111,375,219
00003379.jpg,612,408,239,215,375,323
00002323.jpg,1331,1080,360,203,1085,888
00002529.jpg,420,512,187,1,260,74
00001690.jpg,1470,980,641,145,969,399
00001204.jpg,1000,667,370,2,752,285
00001270.jpg,1300,956,506,25,994,434
00000018.jpg,800,534,131,30,628,408
00003087.jpg,960,444,744,121,949,238
00000826.jpg,1024,682,368,50,617,243
00001453.jpg,1024,768,417,68,617,243
00000249.jpg,600,420,369,52,468,130
00003323.jpg,408,612,170,77,247,208
00001063.jpg,1500,1389,15,1,1032,883
00001999.jpg,400,225,27,7,320,199
00002042.jpg,1050,700,404,21,628,195
00001769.jpg,866,1390,339,160,520,498
00003169.jpg,500,500,228,145,308,238
00000772.jpg,600,475,123,51,246,164
00000845.jpg,600,439,178,31,464,279
00003130.jpg,868,1300,376,241,475,414
00001977.jpg,1300,861,401,59,957,487
00002440.jpg,338,450,240,107,277,165
00002440.jpg,338,450,159,130,193,181
00002705.jpg,960,641,318,160,713,467
00001188.jpg,333,519,117,24,189,156
00001130.jpg,867,1300,131,1,442,422
00002124.jpg,1300,956,563,69,1228,638
00000784.jpg,1300,866,284,103,935,608
00000469.jpg,735,494,107,217,199,287
00002876.jpg,700,467,309,163,440,265
00002876.jpg,700,467,352,39,449,114
00003273.jpg,612,408,184,75,299,164
00003273.jpg,612,408,111,66,210,142
00001836.jpg,1500,1120,448,66,861,425
00002475.jpg,540,349,210,175,264,215
00001105.jpg,1024,682,433,64,956,470
00001288.jpg,500,750,182,54,292,244
00001861.jpg,1300,922,416,64,774,360
00002922.jpg,868,1300,461,135,572,331
00000612.jpg,900,601,284,183,464,323
00000612.jpg,900,601,138,159,326,305
00000612.jpg,900,601,463,156,655,309
00001588.jpg,509,339,196,2,423,182
00001439.jpg,333,519,129,103,185,204
00002578.jpg,960,641,482,138,662,278
00002503.jpg,780,520,281,41,734,393
00002087.jpg,1300,956,225,32,1106,770
00001978.jpg,1104,1300,402,138,531,314
00001097.jpg,1300,957,413,96,679,328
00002684.jpg,1024,682,266,118,510,303
00002684.jpg,1024,682,459,108,713,304
00000936.jpg,1000,667,397,59,718,308
00000240.jpg,400,267,37,2,228,150
00000240.jpg,400,267,177,56,356,195
00000240.jpg,400,267,125,99,259,201
00002845.jpg,1000,1500,511,368,616,551
00002007.jpg,612,408,255,29,427,166
00000706.jpg,6000,4000,410,1034,1037,1531
00001165.jpg,1100,824,127,312,237,407
00001165.jpg,1100,824,516,42,633,145
00001165.jpg,1100,824,313,4,446,124
00001165.jpg,1100,824,651,281,759,375
00001165.jpg,1100,824,862,307,969,401
00001165.jpg,1100,824,394,536,495,624
00001385.jpg,695,1050,400,209,476,340
00001380.jpg,1000,1500,449,433,649,782
00001682.jpg,600,900,253,121,331,257
00001049.jpg,1024,683,345,83,736,387
00002828.jpg,600,338,139,57,453,263
00000602.jpg,1300,956,368,184,622,402
00000602.jpg,1300,956,696,360,980,608
00000602.jpg,1300,956,900,461,1154,684
00000602.jpg,1300,956,52,329,435,656
00000602.jpg,1300,956,726,149,954,345
00000460.jpg,1300,956,715,62,975,289
00000520.jpg,400,290,299,93,374,156
00000520.jpg,400,290,32,75,137,166
00000520.jpg,400,290,150,81,225,144
00000520.jpg,400,290,102,43,180,109
00000520.jpg,400,290,262,64,323,115
00000520.jpg,400,290,187,44,246,93
00002839.jpg,994,663,524,106,810,324
00001079.jpg,866,1390,243,280,445,657
00003009.jpg,500,701,183,171,260,297
00000859.jpg,891,980,185,125,458,475
00000525.jpg,612,416,33,122,175,233
00000525.jpg,612,416,417,126,545,227
00000525.jpg,612,416,264,93,374,179
00003344.jpg,1182,1208,506,495,647,662
00003344.jpg,1182,1208,845,456,971,606
00003344.jpg,1182,1208,339,535,477,698
00003344.jpg,1182,1208,197,477,323,627
00003344.jpg,1182,1208,783,626,901,767
00003344.jpg,1182,1208,694,504,803,630
00002049.jpg,1600,1167,605,99,918,365
00000213.jpg,735,490,212,39,499,261
00002123.jpg,682,1024,167,86,573,780
00000006.jpg,2667,4000,1002,787,1547,1739
00001577.jpg,735,492,156,24,309,144
00000652.jpg,920,634,482,66,593,155
00000652.jpg,920,634,177,68,292,158
00000652.jpg,920,634,402,128,487,195
00001386.jpg,760,434,136,1,682,347
00000205.jpg,800,582,499,92,636,208
00000793.jpg,1111,980,301,6,893,602
00001401.jpg,480,720,209,299,260,389
00002420.jpg,690,1000,185,33,578,696
00000365.jpg,1000,667,503,65,804,293
00001527.jpg,600,900,208,57,286,193
00001541.jpg,408,544,148,20,252,180
00001541.jpg,408,544,158,207,268,378
00000298.jpg,768,512,77,118,184,200
00000298.jpg,768,512,203,97,289,165
00001676.jpg,736,1492,125,132,406,794
00002722.jpg,1024,682,298,1,881,428
00001191.jpg,1000,714,421,55,674,266
00001497.jpg,600,336,125,26,344,172
00003260.jpg,480,720,259,216,330,340
00001472.jpg,1000,1500,383,1,1000,1054
00001813.jpg,683,1024,160,293,485,860
00001308.jpg,1067,1700,479,156,644,455
00002858.jpg,525,315,168,31,423,209
00001775.jpg,1000,667,194,14,740,428
00002254.jpg,427,640,186,67,259,195
00000994.jpg,600,419,236,58,516,295
00001178.jpg,1600,1167,576,190,1057,599
00003247.jpg,800,533,332,123,499,253
00000678.jpg,960,539,234,124,462,273
00002004.jpg,600,419,271,74,358,144
00000928.jpg,333,519,131,76,193,189
00003057.jpg,227,340,107,92,150,166
00003057.jpg,227,340,81,34,134,126
00003061.jpg,1651,2190,616,416,826,740
00002912.jpg,894,894,158,264,357,501
00000827.jpg,666,440,382,56,547,180
00000796.jpg,1068,1700,548,114,740,469
00003498.jpg,235,353,56,84,154,255
00001846.jpg,600,439,191,39,306,137
00000986.jpg,1600,900,832,488,1380,854
00000986.jpg,1600,900,158,347,786,748
00000597.jpg,1440,810,607,241,778,353
00002152.jpg,1280,861,589,300,766,439
00000206.jpg,1000,667,527,87,803,296
00003068.jpg,960,640,307,176,658,448
00002848.jpg,337,450,132,29,176,97
00000542.jpg,1067,1700,249,688,492,1138
00001602.jpg,612,408,144,107,400,310
00003497.jpg,236,354,64,130,138,256
00000583.jpg,2716,1810,1877,511,2365,889
00000583.jpg,2716,1810,774,120,1379,590
00000987.jpg,683,1023,297,42,442,296
00000550.jpg,612,408,149,123,334,262
00000550.jpg,612,408,280,98,514,280
00000550.jpg,612,408,50,187,238,330
00000550.jpg,612,408,398,8,546,121
00000550.jpg,612,408,436,108,609,262
00000550.jpg,612,408,268,6,385,97
00000550.jpg,612,408,1,27,143,156
00000992.jpg,1125,750,479,194,694,357
00000785.jpg,866,1390,351,209,439,374
00000999.jpg,590,884,266,84,337,209
00000941.jpg,900,600,314,108,523,270
00003434.jpg,447,497,109,235,213,367
00001033.jpg,1024,704,354,75,587,266
00001017.jpg,800,533,399,54,559,178
00003141.jpg,600,397,56,112,176,204
00003141.jpg,600,397,397,217,523,311
00003141.jpg,600,397,134,156,299,283
00003141.jpg,600,397,20,212,186,339
00003141.jpg,600,397,277,143,414,246
00003141.jpg,600,397,467,133,598,236
00003141.jpg,600,397,1,147,84,228
00001897.jpg,390,280,133,26,264,132
00002026.jpg,683,1023,291,117,380,271
00002548.jpg,840,560,334,163,634,396
00002739.jpg,626,418,290,83,384,156
00002385.jpg,512,463,401,59,480,142
00002385.jpg,512,463,252,68,328,147
00001295.jpg,749,937,128,235,215,361
00001295.jpg,749,937,21,264,100,378
00001295.jpg,749,937,248,185,328,301
00001295.jpg,749,937,494,176,583,308
00001295.jpg,749,937,355,233,446,365
00000902.jpg,600,400,329,144,477,259
00003059.jpg,1140,854,837,532,1009,682
00000699.jpg,1000,1000,345,337,645,687
00000699.jpg,1000,1000,678,439,960,767
00001907.jpg,400,278,88,36,278,193
00002662.jpg,650,433,228,108,462,285
00002487.jpg,533,800,187,58,303,261
00000601.jpg,640,427,254,97,377,192
00000601.jpg,640,427,136,181,273,285
00000601.jpg,640,427,426,145,559,247
00000601.jpg,640,427,194,124,295,201
00000601.jpg,640,427,378,130,479,208
00000082.jpg,1150,1680,454,516,758,1033
00001548.jpg,3896,5999,1675,1118,2582,2743
00002679.jpg,866,1390,321,61,644,665
00002678.jpg,800,533,206,111,452,306
00002678.jpg,800,533,342,90,622,302
00001569.jpg,600,900,243,83,444,434
00003041.jpg,800,533,312,64,639,323
00003041.jpg,800,533,145,149,444,376
00000974.jpg,462,280,77,34,183,108
00001549.jpg,319,450,134,102,205,221
00000150.jpg,1600,1127,512,82,1060,531
00001222.jpg,800,501,487,47,694,195
00000770.jpg,590,396,194,21,389,173
00001743.jpg,600,900,252,28,462,394
00003165.jpg,262,280,75,197,119,250
00003165.jpg,262,280,209,199,251,251
00003165.jpg,262,280,15,5,52,50
00003165.jpg,262,280,143,3,184,54
00003165.jpg,262,280,140,136,180,186
00003165.jpg,262,280,15,200,51,245
00003165.jpg,262,280,77,7,115,54
00003165.jpg,262,280,12,134,49,180
00003165.jpg,262,280,16,74,51,118
00003165.jpg,262,280,213,71,246,113
00003165.jpg,262,280,82,135,116,177
00001789.jpg,1000,667,1,1,676,348
00000338.jpg,640,427,158,103,263,183
00000338.jpg,640,427,342,50,455,137
00000338.jpg,640,427,237,72,342,153
00002909.jpg,960,444,127,108,336,218
00001124.jpg,500,333,81,1,412,183
00000180.jpg,1000,624,340,35,750,332
00002312.jpg,651,1024,283,125,361,264
00001040.jpg,590,426,193,41,311,140
00002810.jpg,346,280,133,84,260,203
00001787.jpg,1024,683,136,99,406,309
00000142.jpg,600,750,260,1,546,370
00002297.jpg,441,600,287,58,352,161
00002297.jpg,441,600,91,65,155,166
00000315.jpg,335,254,83,31,195,130
00000145.jpg,866,1390,353,101,526,418
00000741.jpg,1600,1157,304,107,579,339
00000741.jpg,1600,1157,998,39,1267,270
00000741.jpg,1600,1157,871,137,1118,345
00000741.jpg,1600,1157,534,202,781,410
00000741.jpg,1600,1157,720,228,978,450
00000844.jpg,372,280,166,11,271,103
00002670.jpg,1470,980,553,580,806,772
00002670.jpg,1470,980,830,571,1158,825
00002075.jpg,1024,694,447,94,748,331
00001905.jpg,612,408,137,20,394,224
00000423.jpg,1001,1620,284,50,643,728
00002841.jpg,480,360,272,69,362,148
00001827.jpg,1500,1120,604,70,924,355
00003243.jpg,500,488,157,284,215,350
00003213.jpg,626,417,299,47,439,155
00000778.jpg,1200,1800,267,289,636,919
00003395.jpg,612,408,410,74,513,152
00003395.jpg,612,408,492,70,612,165
00003395.jpg,612,408,342,111,416,169
00003395.jpg,612,408,1,56,75,144
00003395.jpg,612,408,136,75,217,138
00003395.jpg,612,408,35,92,123,160
00002058.jpg,800,533,556,103,685,203
00002058.jpg,800,533,336,51,483,164
00002058.jpg,800,533,103,109,226,206
00000361.jpg,2600,1734,1286,460,1743,815
00000361.jpg,2600,1734,914,389,1391,759
00001253.jpg,626,626,162,151,381,406
00003193.jpg,1000,1000,222,609,340,747
00000882.jpg,683,1023,359,184,434,317
00001989.jpg,1000,710,411,1,725,244
00001967.jpg,1024,678,558,194,746,339
00000317.jpg,1001,1600,460,90,624,397
00000317.jpg,1001,1600,357,273,518,573
00002299.jpg,375,500,83,106,193,277
00000592.jpg,1500,1031,273,274,444,411
00000988.jpg,1300,866,269,86,497,263
00002482.jpg,1000,774,577,258,704,372
00002482.jpg,1000,774,791,353,900,452
00000610.jpg,1500,1117,502,47,754,266
00000610.jpg,1500,1117,736,329,1070,619
00000610.jpg,1500,1117,557,305,857,565
00002131.jpg,684,1024,189,121,488,641
00000717.jpg,1600,1138,593,163,787,324
00000717.jpg,1600,1138,916,194,1087,335
00000717.jpg,1600,1138,734,365,965,557
00000968.jpg,866,1300,486,24,594,212
00001917.jpg,1024,683,366,54,1016,569
00002227.jpg,1000,667,95,5,895,574
00003334.jpg,612,408,90,126,336,317
00001792.jpg,1335,2000,622,184,767,437
00000072.jpg,612,407,360,54,515,176
00001026.jpg,418,626,145,99,232,252
00001732.jpg,866,1300,431,152,553,366
00002366.jpg,640,748,303,46,413,195
00002366.jpg,640,748,470,49,565,178
00002384.jpg,539,752,169,127,244,248
00001161.jpg,332,519,61,3,242,325
00001912.jpg,1500,1120,434,86,1065,634
00001627.jpg,333,519,160,78,252,241
00000339.jpg,1000,1500,392,611,533,858
00001121.jpg,334,519,147,27,213,148
00003216.jpg,600,400,159,86,351,236
00002265.jpg,4248,3416,804,261,1635,1039
00002265.jpg,4248,3416,2565,248,3311,946
00002265.jpg,4248,3416,1962,506,2589,1093
00002847.jpg,350,350,113,76,225,204
00003142.jpg,735,490,175,84,567,389
00001617.jpg,390,280,63,63,234,206
00001120.jpg,612,408,128,14,543,343
00001885.jpg,1300,904,621,108,1038,446
00002165.jpg,2760,1890,815,1,2020,915
00002313.jpg,680,1023,220,61,488,530
00001791.jpg,590,393,225,56,427,212
00000337.jpg,600,420,431,104,493,155
00002991.jpg,1080,720,564,105,689,202
00002991.jpg,1080,720,174,236,287,323
00002991.jpg,1080,720,797,197,907,284
00002991.jpg,1080,720,356,98,490,202
00000538.jpg,650,434,475,196,626,313
00001672.jpg,600,420,44,52,302,262
00002110.jpg,2000,1125,444,203,941,521
00002110.jpg,2000,1125,1082,89,1577,413
00002891.jpg,390,280,162,48,263,132
00002380.jpg,746,431,76,31,222,129
00002380.jpg,746,431,256,47,393,139
00002380.jpg,746,431,473,101,585,177
00002242.jpg,1600,1143,523,208,1207,777
00002242.jpg,1600,1143,227,344,730,753
00001196.jpg,1474,980,848,94,1101,290
00000137.jpg,600,900,217,23,325,207
00001387.jpg,2940,1960,737,231,1467,786
00000866.jpg,2037,1274,819,4,2032,1199
00000898.jpg,675,900,265,56,403,275
00001517.jpg,462,280,80,1,445,183
00002157.jpg,400,453,52,19,223,244
00000533.jpg,1500,1101,880,271,1312,640
00000533.jpg,1500,1101,1170,73,1417,284
00000533.jpg,1500,1101,487,291,750,511
00000533.jpg,1500,1101,331,63,583,279
00000533.jpg,1500,1101,544,383,893,682
00000533.jpg,1500,1101,92,198,471,530
00000533.jpg,1500,1101,691,226,933,432
00002995.jpg,2048,1362,965,161,1946,920
00002893.jpg,1300,960,236,194,779,661
00002893.jpg,1300,960,588,139,1207,671
00002611.jpg,466,700,87,96,129,169
00002611.jpg,466,700,313,68,358,147
00000564.jpg,1300,957,223,192,597,513
00000564.jpg,1300,957,447,94,875,461
00000564.jpg,1300,957,715,96,1132,454
00000564.jpg,1300,957,1,155,247,484
00000564.jpg,1300,957,1031,361,1296,742
00001576.jpg,1500,1138,674,111,1288,653
00000351.jpg,1300,956,529,104,929,446
00002918.jpg,2370,1350,1259,332,1666,602
00000507.jpg,2000,1333,1246,52,1702,405
00000507.jpg,2000,1333,660,415,1200,834
00000507.jpg,2000,1333,945,327,1431,696
00000507.jpg,2000,1333,1,134,473,632
00000507.jpg,2000,1333,814,373,1309,765
00001404.jpg,600,900,213,88,284,212
00001650.jpg,417,626,58,26,332,495
00003332.jpg,679,960,313,375,485,658
00001869.jpg,600,400,185,36,336,154
00000588.jpg,1800,1200,1244,293,1628,591
00001942.jpg,400,280,204,34,324,130
00001093.jpg,821,1300,290,28,392,211
00002959.jpg,1200,630,564,106,1032,392
00002135.jpg,792,1200,521,189,648,409
00002135.jpg,792,1200,155,507,272,713
00001730.jpg,600,420,265,35,408,151
00003092.jpg,236,354,83,58,126,131
00003289.jpg,461,713,127,200,186,306
00001552.jpg,683,1024,380,449,454,579
00000703.jpg,1024,576,410,55,692,240
00000703.jpg,1024,576,156,87,394,243
00002581.jpg,1365,2048,552,134,897,750
00001705.jpg,1280,720,831,89,1056,237
00001705.jpg,1280,720,159,63,490,280
00001282.jpg,333,519,187,20,228,93
00001833.jpg,1300,957,406,97,1012,616
00002134.jpg,1500,1089,708,77,1179,466
00001790.jpg,800,533,234,60,644,377
00002887.jpg,940,529,77,261,257,379
00002887.jpg,940,529,601,224,801,353
00002887.jpg,940,529,376,21,635,191
00002887.jpg,940,529,164,100,412,266
00003136.jpg,894,610,329,294,433,377
00000527.jpg,1300,1002,252,202,470,398
00000527.jpg,1300,1002,646,331,860,523
00000527.jpg,1300,1002,465,367,670,551
00000527.jpg,1300,1002,156,388,384,593
00000527.jpg,1300,1002,800,312,1010,500
00001763.jpg,699,1050,150,1,699,1050
00001961.jpg,1000,667,305,71,695,374
00001691.jpg,1280,720,828,28,1188,264
00001691.jpg,1280,720,184,24,489,223
00000944.jpg,866,1390,431,78,564,328
00002814.jpg,1024,682,418,152,628,311
00002814.jpg,1024,682,585,190,809,363
00002814.jpg,1024,682,256,164,465,326
00001056.jpg,2940,1960,1374,340,1961,797
00001533.jpg,1024,709,513,118,895,426
00003483.jpg,236,355,76,38,150,168
00001806.jpg,1050,700,296,96,978,625
00003175.jpg,1000,1500,631,372,744,566
00002963.jpg,1800,900,1430,54,1800,315
00002963.jpg,1800,900,1060,77,1507,327
00002963.jpg,1800,900,13,61,458,320
00002963.jpg,1800,900,714,498,1169,763
00002963.jpg,1800,900,705,78,1151,337
00002963.jpg,1800,900,1106,507,1552,767
00001956.jpg,1300,956,394,109,1000,628
00002634.jpg,333,519,52,117,116,232
00002634.jpg,333,519,126,163,191,281
00002634.jpg,333,519,194,121,255,232
00001032.jpg,1000,1250,357,377,595,723
00002156.jpg,692,1050,162,164,478,722
00000910.jpg,2000,1333,498,250,1588,1096
00002727.jpg,868,1300,496,356,592,525
00002727.jpg,868,1300,248,371,338,529
00002489.jpg,400,267,95,23,208,111
00001225.jpg,1300,957,354,58,644,306
00002943.jpg,600,419,16,17,348,338
00002943.jpg,600,419,390,1,600,217
00002943.jpg,600,419,156,63,476,323
00003073.jpg,1300,866,700,233,1127,571
00003292.jpg,2000,1333,693,364,1363,895
00001798.jpg,860,1300,315,132,424,324
00002065.jpg,1024,830,444,51,624,217
00002339.jpg,450,300,114,8,359,194
00002783.jpg,454,340,49,54,243,223
00001996.jpg,1500,1101,607,108,882,343
00001182.jpg,866,1390,400,231,478,376
00002579.jpg,600,285,253,48,411,135
00002579.jpg,600,285,223,21,372,103
00002597.jpg,681,1024,277,190,425,450
00001350.jpg,600,900,242,47,318,179
00000050.jpg,1065,1300,425,209,593,447
00003162.jpg,1000,1000,227,225,410,443
00000523.jpg,1500,1004,826,377,1062,561
00000523.jpg,1500,1004,1061,385,1277,554
00000523.jpg,1500,1004,457,273,631,412
00000523.jpg,1500,1004,94,327,335,511
00000523.jpg,1500,1004,387,554,628,743
00001374.jpg,863,1300,248,208,436,538
00002753.jpg,550,366,107,59,252,169
00002753.jpg,550,366,268,105,417,220
00002753.jpg,550,366,180,77,308,176
00000812.jpg,1156,1600,394,218,606,560
00002076.jpg,1500,1120,527,54,959,429
00001621.jpg,1307,1960,224,374,363,618
00001722.jpg,1333,2000,490,320,687,664
00000301.jpg,867,1300,437,392,599,670
00001757.jpg,1300,1360,501,147,761,464
00001392.jpg,1000,1500,406,580,610,936
00002137.jpg,407,612,122,66,247,280
00001039.jpg,1200,1800,367,118,684,672
00003110.jpg,600,400,95,100,272,237
00000309.jpg,1000,667,293,18,770,387
00000322.jpg,800,582,315,66,522,241
00001275.jpg,1242,1530,349,192,567,505
00000118.jpg,951,1000,321,127,547,398
00001545.jpg,684,1024,284,385,388,565
00002350.jpg,750,440,333,50,454,133
00003298.jpg,750,500,333,113,515,252
00003298.jpg,750,500,94,166,272,305
00002631.jpg,2000,1333,874,252,1274,562
00002880.jpg,1000,714,389,167,665,402
00002119.jpg,1500,1120,530,1,1001,402
00001117.jpg,1500,1201,454,130,1045,681
00002077.jpg,267,400,90,52,220,278
00002514.jpg,716,996,286,226,402,412
00002974.jpg,1024,683,169,104,361,253
00002974.jpg,1024,683,313,60,513,216
00002974.jpg,1024,683,421,131,654,312
00002974.jpg,1024,683,649,211,872,385
00002974.jpg,1024,683,558,30,781,200
00002974.jpg,1024,683,106,289,335,466
00002974.jpg,1024,683,763,277,1016,478
00002974.jpg,1024,683,399,374,664,580
00002499.jpg,800,675,248,1,800,555
00000923.jpg,2888,2007,1346,169,1623,393
00002843.jpg,900,663,256,105,363,197
00002843.jpg,900,663,462,120,562,204
00002681.jpg,236,354,139,76,174,137
00001324.jpg,1000,667,454,66,629,203
00003507.jpg,236,236,38,58,108,137
00001461.jpg,512,512,345,20,459,152
00001461.jpg,512,512,266,72,371,196
00001461.jpg,512,512,107,247,193,347
00001738.jpg,974,1390,412,392,514,561
00002796.jpg,800,800,370,194,596,456
00003439.jpg,612,409,241,60,417,194
00000429.jpg,600,400,358,136,429,191
00002138.jpg,1300,917,473,78,824,366
00000931.jpg,1000,1620,299,152,508,546
00002748.jpg,1024,765,626,111,753,221
00002748.jpg,1024,765,765,142,983,336
00001038.jpg,721,720,277,11,476,242
00001940.jpg,626,417,220,39,421,194
00000445.jpg,973,648,123,199,317,350
00000445.jpg,973,648,564,278,821,478
00000445.jpg,973,648,615,93,866,288
00000445.jpg,973,648,261,119,507,314
00001388.jpg,800,630,167,72,459,334
00003429.jpg,300,450,67,16,129,124
00003429.jpg,300,450,146,15,203,116
00000103.jpg,1264,1500,576,418,957,943
00003100.jpg,1080,814,36,67,939,809
00001382.jpg,1066,1689,413,95,589,419
00001736.jpg,626,417,147,14,519,303
00001475.jpg,800,532,305,43,556,238
00001834.jpg,683,1024,228,95,310,236
00001884.jpg,434,600,98,3,335,375
00003284.jpg,612,408,387,158,520,262
00003284.jpg,612,408,179,86,309,188
00001659.jpg,1280,720,1,1,1280,712
00001499.jpg,800,527,224,22,465,207
00002672.jpg,688,1024,235,246,376,490
00002815.jpg,900,600,369,155,527,278
00003027.jpg,1470,980,954,335,1125,465
00001985.jpg,493,280,179,1,327,94
00002474.jpg,1023,716,1,41,575,558
00002474.jpg,1023,716,455,56,1023,585
00000379.jpg,467,700,238,18,297,121
00002133.jpg,800,533,334,57,512,195
00000684.jpg,1030,580,312,20,622,228
00003343.jpg,1000,1000,745,595,874,743
00002689.jpg,500,751,126,264,206,405
00002689.jpg,500,751,249,286,322,415
00002689.jpg,500,751,65,343,124,447
00000899.jpg,1000,667,185,61,641,423
00001873.jpg,800,582,417,99,658,303
00001694.jpg,319,450,109,27,182,146
00001890.jpg,800,597,311,39,455,164
00002452.jpg,660,373,91,92,511,368
00003085.jpg,1000,1500,281,685,690,1400
00003085.jpg,1000,1500,223,13,544,550
00002971.jpg,390,280,131,38,228,118
00003275.jpg,236,353,83,82,126,155
00000548.jpg,508,339,395,100,506,188
00000548.jpg,508,339,78,1,179,76
00000548.jpg,508,339,389,16,499,102
00000548.jpg,508,339,141,67,267,164
00000548.jpg,508,339,268,2,381,86
00000548.jpg,508,339,239,90,347,174
00000548.jpg,508,339,2,35,130,159
00000548.jpg,508,339,199,1,305,69
00001797.jpg,958,1277,277,139,705,788
00001881.jpg,900,556,192,27,740,429
00001014.jpg,1200,1800,278,80,691,786
00003424.jpg,736,508,224,104,336,194
00003424.jpg,736,508,474,3,581,88
00003424.jpg,736,508,81,129,194,219
00003424.jpg,736,508,505,160,595,230
00000506.jpg,1024,683,211,221,373,346
00000506.jpg,1024,683,661,153,819,276
00000506.jpg,1024,683,479,189,717,374
00002493.jpg,715,536,317,208,483,350
00000104.jpg,950,1300,334,349,501,609
00000104.jpg,950,1300,582,471,732,705
00000104.jpg,950,1300,314,119,461,348
00000593.jpg,612,408,444,112,605,238
00000593.jpg,612,408,244,143,405,266
00000593.jpg,612,408,440,23,573,124
00000593.jpg,612,408,83,62,210,159
00000593.jpg,612,408,365,66,507,177
00000593.jpg,612,408,268,9,413,122
00000593.jpg,612,408,110,1,225,77
00000593.jpg,612,408,1,102,144,215
00000593.jpg,612,408,322,2,459,104
00000296.jpg,682,1023,285,186,407,395
00001051.jpg,1068,1700,448,30,718,530
00000962.jpg,700,525,82,10,557,424
00001556.jpg,608,342,35,1,566,291
00001555.jpg,1500,1500,414,122,1102,923
00000765.jpg,768,1024,291,59,407,239
00002928.jpg,1200,630,824,319,1097,486
00002613.jpg,2000,1333,369,324,984,800
00002613.jpg,2000,1333,876,381,1465,838
00003267.jpg,509,340,300,87,406,169
00000767.jpg,1024,701,341,87,529,240
00000644.jpg,612,408,209,114,455,301
00000644.jpg,612,408,43,137,253,296
00000644.jpg,612,408,384,161,599,328
00000151.jpg,1024,681,328,215,678,487
00002300.jpg,962,1215,359,132,661,576
00000110.jpg,1600,1168,514,89,1260,737
00001418.jpg,2825,4237,1327,402,1663,988
00003464.jpg,236,330,76,108,128,194
00002984.jpg,682,1023,227,312,427,662
00002984.jpg,682,1023,112,37,313,388
00001531.jpg,612,410,63,1,574,398
00000896.jpg,1232,821,398,146,794,453
00000626.jpg,500,334,299,31,443,143
00000626.jpg,500,334,93,49,225,151
00000626.jpg,500,334,340,38,490,155
00000626.jpg,500,334,1,86,191,244
00000626.jpg,500,334,151,71,394,252
00001384.jpg,710,1024,219,161,423,504
00001872.jpg,1300,881,258,23,602,300
00002441.jpg,4256,2832,779,484,1769,1235
00002655.jpg,1600,1155,382,162,657,393
00002655.jpg,1600,1155,736,230,1011,461
00002655.jpg,1600,1155,1079,120,1360,361
00002655.jpg,1600,1155,934,135,1191,346
00002655.jpg,1600,1155,176,226,457,457
00003500.jpg,236,236,31,29,120,133
00000174.jpg,1500,1125,31,202,616,712
00000174.jpg,1500,1125,888,201,1486,722
00001652.jpg,781,1024,331,82,418,215
00000024.jpg,829,580,167,36,257,109
00000024.jpg,829,580,573,38,664,111
00000653.jpg,1040,694,451,113,678,289
00000653.jpg,1040,694,147,41,467,289
00000653.jpg,1040,694,661,167,865,325
00002390.jpg,550,350,137,15,400,210
00000452.jpg,2939,1960,632,90,1535,791
00000459.jpg,3024,4032,1235,1651,1766,2475
00002696.jpg,866,1300,279,156,539,621
00001783.jpg,958,1231,425,127,678,506
00000486.jpg,402,604,157,67,209,159
00000598.jpg,1024,683,246,164,425,304
00000598.jpg,1024,683,652,184,803,301
00000789.jpg,2000,3019,735,296,1171,1062
00003150.jpg,750,502,483,30,612,131
00003150.jpg,750,502,130,61,254,157
00003090.jpg,900,900,355,315,469,447
00003090.jpg,900,900,72,507,144,592
00001918.jpg,800,533,282,41,534,236
00003167.jpg,2000,1333,1487,244,1776,469
00003167.jpg,2000,1333,1115,313,1353,498
00003167.jpg,2000,1333,514,453,791,668
00002952.jpg,1300,889,612,105,955,372
00002952.jpg,1300,889,874,79,1233,358
00000816.jpg,299,450,1,5,112,327
00002775.jpg,1024,800,316,239,438,350
00001771.jpg,1000,667,133,63,755,545
00001561.jpg,361,254,125,1,321,143
00002797.jpg,1000,667,206,43,306,121
00002725.jpg,640,960,222,156,411,478
00000254.jpg,864,1296,330,233,461,460
00002934.jpg,1170,550,628,39,1037,268
00002934.jpg,1170,550,367,147,711,335
00002934.jpg,1170,550,36,93,420,303
00002406.jpg,1000,750,754,182,941,346
00003405.jpg,360,239,162,24,241,84
00003405.jpg,360,239,112,73,193,134
00003405.jpg,360,239,73,92,142,145
